-- MySQL dump 10.13  Distrib 8.0.18, for Win64 (x86_64)
--
-- Host: db-canchu.cd9wh8yqpsr7.ap-southeast-2.rds.amazonaws.com    Database: cafe_near_u
-- ------------------------------------------------------
-- Server version	8.0.33

/*!40101 SET @OLD_CHARACTER_SET_CLIENT=@@CHARACTER_SET_CLIENT */;
/*!40101 SET @OLD_CHARACTER_SET_RESULTS=@@CHARACTER_SET_RESULTS */;
/*!40101 SET @OLD_COLLATION_CONNECTION=@@COLLATION_CONNECTION */;
/*!50503 SET NAMES utf8mb4 */;
/*!40103 SET @OLD_TIME_ZONE=@@TIME_ZONE */;
/*!40103 SET TIME_ZONE='+00:00' */;
/*!40014 SET @OLD_UNIQUE_CHECKS=@@UNIQUE_CHECKS, UNIQUE_CHECKS=0 */;
/*!40014 SET @OLD_FOREIGN_KEY_CHECKS=@@FOREIGN_KEY_CHECKS, FOREIGN_KEY_CHECKS=0 */;
/*!40101 SET @OLD_SQL_MODE=@@SQL_MODE, SQL_MODE='NO_AUTO_VALUE_ON_ZERO' */;
/*!40111 SET @OLD_SQL_NOTES=@@SQL_NOTES, SQL_NOTES=0 */;
SET @MYSQLDUMP_TEMP_LOG_BIN = @@SESSION.SQL_LOG_BIN;
SET @@SESSION.SQL_LOG_BIN= 0;

--
-- GTID state at the beginning of the backup 
--

SET @@GLOBAL.GTID_PURGED=/*!80000 '+'*/ '';

--
-- Table structure for table `comment_dashboard`
--

DROP TABLE IF EXISTS `comment_dashboard`;
/*!40101 SET @saved_cs_client     = @@character_set_client */;
/*!50503 SET character_set_client = utf8mb4 */;
CREATE TABLE `comment_dashboard` (
  `id` int NOT NULL AUTO_INCREMENT,
  `comment_count` int DEFAULT NULL,
  `is_quiet` float DEFAULT NULL,
  `average_total_rating` int DEFAULT NULL,
  `average_cleanliness` int DEFAULT NULL,
  `average_service` int DEFAULT NULL,
  `average_food` int DEFAULT NULL,
  `average_wifi` int DEFAULT NULL,
  `average_atmosphere` int DEFAULT NULL,
  `cafe_id` int DEFAULT NULL,
  PRIMARY KEY (`id`)
) ENGINE=InnoDB AUTO_INCREMENT=21 DEFAULT CHARSET=utf8mb4 COLLATE=utf8mb4_0900_ai_ci;
/*!40101 SET character_set_client = @saved_cs_client */;

--
-- Dumping data for table `comment_dashboard`
--

LOCK TABLES `comment_dashboard` WRITE;
/*!40000 ALTER TABLE `comment_dashboard` DISABLE KEYS */;
INSERT INTO `comment_dashboard` VALUES (1,3,1,5,5,4,4,4,5,4),(2,4,0.5,3,3,4,3,3,3,5),(3,7,1.1429,4,4,4,4,4,4,6),(4,5,0.6,4,5,4,4,4,4,7),(5,7,1.5714,4,5,4,4,3,4,8),(6,5,0.6,4,5,4,4,4,4,9),(7,5,0.6,3,3,3,3,3,3,10),(8,3,0,2,3,2,3,3,2,11),(9,3,0.3333,2,2,3,2,2,2,12),(10,3,0,2,2,2,2,2,2,13),(11,5,0.2,3,3,3,3,3,3,14),(12,4,1,5,5,5,4,4,5,15),(13,6,0.3333,3,3,3,3,3,3,16),(14,4,0,2,2,2,2,2,2,18),(15,4,0.25,2,3,2,2,2,3,19),(16,6,0.3333,2,2,2,2,2,2,20),(17,3,0.3333,3,4,3,3,3,4,21),(18,1,0,3,3,3,3,3,3,22),(19,23,0.6087,3,2,4,3,4,4,23),(20,1,0,0,0,3,3,3,3,24);
/*!40000 ALTER TABLE `comment_dashboard` ENABLE KEYS */;
UNLOCK TABLES;

--
-- Table structure for table `comments`
--

DROP TABLE IF EXISTS `comments`;
/*!40101 SET @saved_cs_client     = @@character_set_client */;
/*!50503 SET character_set_client = utf8mb4 */;
CREATE TABLE `comments` (
  `id` int NOT NULL AUTO_INCREMENT,
  `context` varchar(255) DEFAULT NULL,
  `cafe_id` int DEFAULT NULL,
  `customer_id` int DEFAULT NULL,
  `total_rating` int DEFAULT NULL,
  `cleanliness` int DEFAULT NULL,
  `service` int DEFAULT NULL,
  `food` int DEFAULT NULL,
  `wifi` int DEFAULT NULL,
  `atmosphere` int DEFAULT NULL,
  `is_quiet` tinyint(1) DEFAULT NULL,
  `created_at` timestamp NULL DEFAULT CURRENT_TIMESTAMP,
  PRIMARY KEY (`id`),
  KEY `cafe_id` (`cafe_id`),
  KEY `customer_id` (`customer_id`),
  CONSTRAINT `comments_ibfk_1` FOREIGN KEY (`cafe_id`) REFERENCES `shops` (`id`),
  CONSTRAINT `comments_ibfk_2` FOREIGN KEY (`customer_id`) REFERENCES `customers` (`id`)
) ENGINE=InnoDB AUTO_INCREMENT=240 DEFAULT CHARSET=utf8mb4 COLLATE=utf8mb4_0900_ai_ci;
/*!40101 SET character_set_client = @saved_cs_client */;

--
-- Dumping data for table `comments`
--

LOCK TABLES `comments` WRITE;
/*!40000 ALTER TABLE `comments` DISABLE KEYS */;
INSERT INTO `comments` VALUES (26,'This cafe is amazing!',14,9,3,3,3,3,3,3,0,'2023-08-19 18:02:01'),(87,'This cafe is fantastic!',5,8,5,4,5,4,5,5,1,'2023-08-19 18:02:01'),(88,'Great coffee and atmosphere!',9,10,4,5,4,4,3,4,0,'2023-08-19 18:02:02'),(89,'Average experience.',14,9,3,3,3,3,3,3,0,'2023-08-19 18:02:03'),(90,'Not the best service.',6,8,2,4,2,3,3,2,0,'2023-08-19 18:02:04'),(91,'Loved the cozy atmosphere.',10,11,5,5,5,4,4,5,1,'2023-08-19 18:02:05'),(92,'Terrible experience overall.',20,9,1,1,1,1,1,1,0,'2023-08-19 18:02:06'),(93,'品項有點少...',7,10,3,4,3,3,3,3,0,'2023-08-19 18:02:07'),(94,'Friendly staff and good coffee.',15,10,4,5,4,4,4,4,1,'2023-08-19 18:02:08'),(95,'Not worth the visit.',16,11,2,2,2,2,2,2,0,'2023-08-19 18:02:09'),(96,'Excellent service and food.',8,8,5,5,5,5,4,5,1,'2023-08-19 18:02:10'),(97,'Average coffee, noisy atmosphere.',18,9,3,3,3,3,3,2,0,'2023-08-19 18:02:11'),(98,'Loved the vibe and music.',19,10,4,5,4,4,3,5,1,'2023-08-19 18:02:12'),(99,'Overpriced and disappointing.',11,11,2,2,3,2,2,2,0,'2023-08-19 18:02:13'),(100,'Cozy place, good for studying.',12,8,4,4,4,3,4,4,1,'2023-08-19 18:02:14'),(101,'Not recommended, bad experience.',13,9,1,1,1,1,1,1,0,'2023-08-19 18:02:15'),(102,'Amazing coffee and ambiance.',4,10,5,5,5,5,4,5,1,'2023-08-19 18:02:16'),(103,'Mediocre service, decent food.',13,11,3,3,3,3,3,3,0,'2023-08-19 18:02:17'),(104,'Nice place for a quiet time.',21,8,4,4,4,3,4,5,1,'2023-08-19 18:02:18'),(105,'Disappointing coffee, no atmosphere.',20,9,2,2,2,2,2,2,0,'2023-08-19 18:02:19'),(106,'Good experience overall.',20,10,4,4,4,4,4,4,1,'2023-08-19 18:02:20'),(149,'This cafe is fantastic!',6,10,5,4,5,4,5,5,1,'2023-08-19 18:02:21'),(150,'Great coffee and atmosphere!',8,9,4,5,4,4,3,4,0,'2023-08-19 18:02:22'),(151,'Average experience.',16,11,3,3,3,3,3,3,0,'2023-08-19 18:02:23'),(152,'Not the best service.',11,10,2,4,2,3,3,2,0,'2023-08-19 18:02:24'),(153,'Loved the cozy atmosphere.',15,9,5,5,5,4,4,5,1,'2023-08-19 18:02:25'),(154,'Terrible experience overall.',18,8,1,1,1,1,1,1,0,'2023-08-19 18:02:26'),(155,'Decent place to hang out.',21,11,3,4,3,3,3,3,0,'2023-08-19 18:02:27'),(156,'Friendly staff and good coffee.',9,9,4,5,4,4,4,4,1,'2023-08-19 18:02:28'),(157,'Not worth the visit.',19,10,2,2,2,2,2,2,0,'2023-08-19 18:02:29'),(158,'有寵物點心超貼心!',7,11,5,5,5,5,4,5,1,'2023-08-19 18:02:30'),(159,'Average coffee, noisy atmosphere.',10,10,3,3,3,3,3,2,0,'2023-08-19 18:02:31'),(160,'Loved the vibe and music.',4,9,4,5,4,4,3,5,1,'2023-08-19 18:02:32'),(161,'Overpriced and disappointing.',12,8,2,2,3,2,2,2,0,'2023-08-19 18:02:33'),(162,'Cozy place, good for studying.',20,11,4,4,4,3,4,4,1,'2023-08-19 18:02:34'),(163,'Not recommended, bad experience.',5,10,1,1,1,1,1,1,0,'2023-08-19 18:02:35'),(164,'Amazing coffee and ambiance.',16,9,5,5,5,5,4,5,1,'2023-08-19 18:02:36'),(165,'Mediocre service, decent food.',13,8,3,3,3,3,3,3,0,'2023-08-19 18:02:37'),(166,'Nice place for a quiet time.',14,11,4,4,4,3,4,5,1,'2023-08-19 18:02:38'),(167,'Disappointing coffee, no atmosphere.',6,10,2,2,2,2,2,2,0,'2023-08-19 18:02:39'),(168,'Good experience overall.',8,9,4,4,4,4,4,4,1,'2023-08-19 18:02:40'),(169,'Excellent coffee and atmosphere!',4,8,5,5,4,4,4,5,1,'2023-08-19 18:02:41'),(170,'Average coffee and service.',14,10,3,3,3,3,4,3,0,'2023-08-19 18:02:42'),(171,'Decent place, good for studying.',10,9,4,4,4,3,4,4,1,'2023-08-19 18:02:43'),(172,'Not recommended, bad experience.',19,11,1,1,1,1,1,1,0,'2023-08-19 18:02:44'),(173,'人不多，適合讀書辦公，偶爾會有店長貓貓拜訪<3',7,15,5,5,5,4,4,5,1,'2023-08-19 18:02:45'),(174,'Terrible experience overall.',12,10,1,1,1,1,1,1,0,'2023-08-19 18:02:46'),(175,'Average experience.',18,9,3,3,3,3,3,3,0,'2023-08-19 18:02:47'),(176,'Good experience overall.',9,11,4,4,4,4,4,4,1,'2023-08-19 18:02:48'),(177,'Overpriced and disappointing.',5,10,2,2,3,2,2,2,0,'2023-08-19 18:02:49'),(178,'Nice place for a quiet time.',16,8,4,4,4,3,4,5,1,'2023-08-19 18:02:50'),(179,'Disappointing coffee, no atmosphere.',20,11,2,2,2,2,2,2,0,'2023-08-19 18:02:51'),(180,'Excellent service and food.',6,10,5,5,5,5,4,5,1,'2023-08-19 18:02:52'),(181,'Great coffee and atmosphere!',8,9,4,5,4,4,3,4,0,'2023-08-19 18:02:53'),(182,'Average experience.',16,8,3,3,3,3,3,3,0,'2023-08-19 18:02:54'),(183,'Not the best service.',11,11,2,4,2,3,3,2,0,'2023-08-19 18:02:55'),(184,'Loved the cozy atmosphere.',15,10,5,5,5,4,4,5,1,'2023-08-19 18:02:56'),(185,'Terrible experience overall.',18,9,1,1,1,1,1,1,0,'2023-08-19 18:02:57'),(186,'Decent place to hang out.',21,8,3,4,3,3,3,3,0,'2023-08-19 18:02:58'),(187,'Friendly staff and good coffee.',9,11,4,5,4,4,4,4,1,'2023-08-19 18:02:59'),(188,'Not worth the visit.',19,10,2,2,2,2,2,2,0,'2023-08-19 18:03:00'),(189,'食物好吃~',7,8,5,5,5,5,4,5,1,'2023-08-19 18:03:01'),(191,'This cafe is fantastic!',6,10,5,4,5,4,5,5,3,'0000-00-00 00:00:00'),(192,'Great coffee and atmosphere!',8,9,4,5,4,4,3,3,4,'0000-00-00 00:00:00'),(193,'This cafe is fantastic!',6,10,5,4,5,4,5,5,3,'0000-00-00 00:00:00'),(194,'Great coffee and atmosphere!',8,9,4,5,4,4,3,3,4,'0000-00-00 00:00:00'),(195,'This cafe is amazing!',22,9,3,3,3,3,3,3,0,'2023-08-20 14:32:42'),(196,'This cafe is amazing!',23,9,5,5,3,3,3,3,0,'2023-08-20 14:49:37'),(197,'This cafe is amazing!',23,9,0,0,3,3,3,3,0,'2023-08-20 14:50:27'),(198,'This cafe is amazing!',23,9,0,0,3,3,3,3,0,'2023-08-20 14:51:53'),(199,'This cafe is amazing!',23,9,0,0,3,3,3,3,0,'2023-08-20 14:52:09'),(200,'This cafe is amazing!',23,9,0,0,3,3,3,3,0,'2023-08-20 14:52:34'),(201,'This cafe is amazing!',23,9,0,0,3,3,3,3,1,'2023-08-20 14:56:21'),(202,'This cafe is amazing!',23,9,4,0,3,3,3,3,1,'2023-08-20 14:57:09'),(203,'This cafe is amazing!',23,9,2,0,3,3,3,3,1,'2023-08-20 14:58:49'),(204,'This cafe is amazing!',23,9,1,0,3,3,3,3,0,'2023-08-20 14:59:13'),(205,'This cafe is amazing!',24,9,0,0,3,3,3,3,0,'2023-08-20 15:06:56'),(206,'This cafe is amazing!',23,11,3,0,3,3,3,3,0,'2023-08-20 16:21:20'),(207,'This cafe is fantastic!',5,9,5,4,5,4,5,5,1,'2023-08-19 18:02:01'),(208,'Great coffee and atmosphere!',9,9,4,5,4,4,3,4,0,'2023-08-19 18:02:02'),(209,'Average experience.',14,9,3,3,3,3,3,3,0,'2023-08-19 18:02:03'),(210,'Not the best service.',6,9,2,4,2,3,3,2,0,'2023-08-19 18:02:04'),(212,'Terrible experience overall.',20,9,1,1,1,1,1,1,0,'2023-08-19 18:02:06'),(213,'貓咪好可愛!',7,9,3,4,3,3,3,3,0,'2023-08-19 18:02:07'),(214,'Friendly staff and good coffee.',15,9,4,5,4,4,4,4,1,'2023-08-19 18:02:08'),(215,'Not worth the visit.',16,9,2,2,2,2,2,2,0,'2023-08-19 18:02:09'),(216,'Excellent service and food.',8,9,5,5,5,5,4,5,1,'2023-08-19 18:02:10'),(218,'This cafe is fantastic!',23,9,5,4,5,4,5,5,1,'2023-08-19 18:02:01'),(219,':3',23,9,5,4,5,4,5,5,1,'2023-08-19 18:02:01'),(220,':3',23,9,5,4,5,4,5,5,1,'2023-08-19 18:02:01'),(221,':3',23,9,5,4,5,4,5,5,1,'2023-08-19 18:02:01'),(222,':3',23,9,5,4,5,4,5,5,1,'2023-08-19 18:02:01'),(223,':3',23,9,5,4,5,4,5,5,1,'2023-08-19 18:02:01'),(224,':3',23,9,5,4,5,4,5,5,1,'2023-08-19 18:02:01'),(225,':3',23,9,5,4,5,4,5,5,1,'2023-08-19 18:02:01'),(226,':3',23,9,5,4,5,4,5,5,1,'2023-08-19 18:02:01'),(227,':3',23,9,5,4,5,4,5,5,1,'2023-08-19 18:02:01'),(232,'讚',23,9,0,0,0,0,0,0,0,'2023-08-23 11:49:50'),(236,'哈哈',10,15,4,4,4,4,3,4,0,'2023-08-23 15:28:11'),(237,'吐舌頭',10,15,1,1,1,1,1,1,1,'2023-08-23 16:22:01'),(238,'拉拉拉拉',23,9,1,1,3,3,3,3,1,'2023-08-24 03:05:57'),(239,'冷氣不夠強阿',23,16,3,4,3,3,3,3,0,'2023-09-01 13:13:21');
/*!40000 ALTER TABLE `comments` ENABLE KEYS */;
UNLOCK TABLES;

--
-- Table structure for table `customers`
--

DROP TABLE IF EXISTS `customers`;
/*!40101 SET @saved_cs_client     = @@character_set_client */;
/*!50503 SET character_set_client = utf8mb4 */;
CREATE TABLE `customers` (
  `id` int NOT NULL AUTO_INCREMENT,
  `name` varchar(255) DEFAULT NULL,
  `email` varchar(255) DEFAULT NULL,
  `password` varchar(255) DEFAULT NULL,
  `provider` varchar(255) NOT NULL DEFAULT 'native',
  `picture` varchar(255) DEFAULT NULL,
  `school` varchar(255) NOT NULL DEFAULT 'anonymous',
  PRIMARY KEY (`id`)
) ENGINE=InnoDB AUTO_INCREMENT=17 DEFAULT CHARSET=utf8mb4 COLLATE=utf8mb4_0900_ai_ci;
/*!40101 SET character_set_client = @saved_cs_client */;

--
-- Dumping data for table `customers`
--

LOCK TABLES `customers` WRITE;
/*!40000 ALTER TABLE `customers` DISABLE KEYS */;
INSERT INTO `customers` VALUES (8,'小美','new@test.com','$2b$10$aKXEK7jyMnP3bWGIjFf7Mu2m.6FNS63W3x5.5XfFTEXf7QgvPKJ.2','native','https://13.211.10.154/public/avatars/1692245269416-ball1-1.png','new_school'),(9,'小明','user@test.com','$2b$10$Fz8/7usav.lWkpG/.FAKCuCvL5u/LER5nAfws3V9xL769es9NbMJ2','native',NULL,'Anonymous'),(10,'pt','pt@test.com','$2b$10$ox2KrVDsVobUZK6716PJve18Gir839VsJXRlhg9QpotLX8qcUF1cq','native','https://13.211.10.154/avatars/1692619188631-Nous.jpeg','NTNU'),(11,'gahwa','gahwa@test.com','$2b$10$En7IGp1nCZ.VA4NUiSKu/e6vv4C3L5rF7PcJPwhHrt/4vqoRk1nhm','native','https://13.211.10.154/public/avatars/1692425611567-coffee.png','AppWorkSchool'),(12,'咖啡小精靈','cafe@appworks.tw','$2b$10$pV89SHIaztEwkRZQ5ttK1.bp/amrRTU87fFSkRZeXPjAI4T5frebi','native','https://13.211.10.154/avatars/1692531577880-images (3).jpg','咖啡大學'),(13,'咖啡寶寶','cafebaby@appworks.tw','$2b$10$E1NtJoaL46TsiNwfkshHH.0jYYxLK/2w7YqNSSToLrEaDHe929Jqm','native',NULL,'匿名'),(14,'me','s24527109@gmail.com','$2b$10$MnVK1qTJN/c8LS4nWLNyluSlQ7Ycnu/UlzDO1dkVkFWCasJ/AC4T6','native',NULL,'Anonymous'),(15,'快樂狗','happydog@appworks.tw','$2b$10$DMStF4SZB4LfZBWQD7WuluNnKBD/k6hxRVsrgvtihm8fnQgSAPmj2','native','https://13.211.10.154/avatars/1692846194296-download (5).jpg','咖啡學院'),(16,'new_name','new@test.com','$2b$10$Iokgy9jVSdkup9zxwWIxJOfA1bGPjsYXPVoAo63bVRTJOircT3QJm','native',NULL,'new_school');
/*!40000 ALTER TABLE `customers` ENABLE KEYS */;
UNLOCK TABLES;

--
-- Table structure for table `menus`
--

DROP TABLE IF EXISTS `menus`;
/*!40101 SET @saved_cs_client     = @@character_set_client */;
/*!50503 SET character_set_client = utf8mb4 */;
CREATE TABLE `menus` (
  `id` int NOT NULL AUTO_INCREMENT,
  `category` varchar(255) DEFAULT NULL,
  `item` varchar(255) DEFAULT NULL,
  `price` varchar(255) DEFAULT NULL,
  `cafe_id` int DEFAULT NULL,
  PRIMARY KEY (`id`)
) ENGINE=InnoDB AUTO_INCREMENT=265 DEFAULT CHARSET=utf8mb4 COLLATE=utf8mb4_0900_ai_ci;
/*!40101 SET character_set_client = @saved_cs_client */;

--
-- Dumping data for table `menus`
--

LOCK TABLES `menus` WRITE;
/*!40000 ALTER TABLE `menus` DISABLE KEYS */;
INSERT INTO `menus` VALUES (6,'特色飲品','好喝可樂','35',2),(7,'特色飲品','好喝雪碧','35',2),(8,'特色飲品','好喝檸檬紅茶','35',2),(9,'特色甜點','好吃冰淇淋','120',2),(10,'特色甜點','布朗尼','250',2),(31,'特色飲品','好喝可樂','35',1),(32,'特色飲品','好喝雪碧','35',1),(33,'特色飲品','好喝檸檬紅茶','35',1),(34,'特色甜點','好吃冰淇淋','120',1),(35,'特色甜點','布朗尼','250',1),(36,'特色飲品','好喝可樂','35',4),(37,'特色飲品','好喝雪碧','35',4),(38,'特色飲品','好喝檸檬紅茶','35',4),(39,'特色甜點','好吃冰淇淋','120',4),(40,'特色甜點','布朗尼','250',4),(41,'咖啡','拿鐵咖啡','120',5),(42,'咖啡','焦糖瑪奇朵','140',5),(43,'茶飲','水果茶','100',5),(44,'甜點','草莓塔','80',5),(45,'甜點','巧克力蛋糕','100',5),(46,'輕食','蔬菜三明治','150',5),(53,'咖啡','拿鐵咖啡','120',6),(54,'咖啡','焦糖瑪奇朵','140',6),(55,'茶飲','水果茶','100',6),(56,'輕食','蔬菜三明治','150',6),(57,'輕食','綠意沙拉','130',6),(58,'寵物餐點','寵物牛排','80',7),(59,'寵物餐點','貓咪雞肉飯','70',7),(60,'寵物點心','蜂蜜燕麥狗餅乾','50',7),(61,'寵物點心','貓草曲奇','40',7),(62,'人類餐點','愛心披薩','180',7),(63,'人類餐點','主人套餐','250',7),(71,'獨家咖啡品味','手沖咖啡','150',8),(72,'獨家咖啡品味','焦糖瑪奇朵','160',8),(73,'獨家咖啡品味','香草拿鐵','160',8),(74,'甜點享悅','起司蛋糕','120',8),(75,'甜點享悅','巧克力杯子蛋糕','130',8),(76,'美味主餐','新鮮水果拼盤','180',8),(77,'美味主餐','蘑菇奶油義大利麵','200',8),(78,'咖啡','拿鐵咖啡','120',9),(79,'咖啡','焦糖瑪奇朵','140',9),(80,'茶飲','水果茶','100',9),(81,'甜點','草莓塔','80',9),(82,'甜點','巧克力蛋糕','100',9),(83,'輕食','蔬菜三明治','150',9),(84,'輕食','綠意沙拉','130',9),(85,'晨光咖啡','拿鐵咖啡','140',10),(86,'晨光咖啡','冰滴咖啡','160',10),(87,'特調飲品','檸檬茶','120',10),(88,'優雅早餐','草莓鬆餅','150',10),(89,'優雅早餐','起司培根三明治','180',10),(90,'甜蜜甜點','巧克力脆片甜甜圈','130',10),(91,'特色飲品','招牌貓咪拿鐵','120',11),(92,'精緻點心','貓爪鹹派','150',11),(93,'甜蜜點心','綿密貓頭鷹蛋糕','180',11),(94,'精緻點心','貓咪造型三明治','130',11),(95,'甜蜜點心','小貓巧克力杯子蛋糕','160',11),(96,'寵物主餐','狗仔牛肉堡','180',12),(97,'寵物主餐','樂活蔬菜沙拉','140',12),(98,'寵物主餐','寵物雞肉餅','160',12),(99,'甜點時光','貓咪鮮果優格杯','130',12),(100,'甜點時光','毛茸茸草莓塔','150',12),(101,'咖啡','濃縮咖啡','110',13),(102,'茶飲','花果茶','120',13),(103,'冰淇淋','草莓牛奶冰淇淋','140',13),(104,'甜點','起司蛋糕','120',13),(105,'輕食','火腿三明治','130',13),(106,'甜點','大理石蛋糕','150',13),(107,'經典咖啡','黑咖啡','120',14),(108,'經典咖啡','卡布奇諾','150',14),(109,'特色拿鐵','手作抹茶拿鐵','170',14),(110,'美味三明治','經典三明治','180',14),(111,'美味三明治','花生牛奶吐司','130',14),(112,'清爽甜點','水果優格杯','140',14),(113,'清爽甜點','巧克力杏仁酥餅','150',14),(114,'藝術咖啡','手沖藍山咖啡','180',15),(115,'藝術咖啡','摩卡可可','160',15),(116,'特色茶品','經典英式紅茶','120',15),(117,'風味主餐','咖哩雞肉飯','220',15),(118,'風味主餐','蔬菜沙拉','150',15),(119,'精緻甜點','紅莓起司蛋糕','140',15),(120,'精緻甜點','香蕉巧克力杯子蛋糕','130',15),(132,'寵物餐點','寵物牛排','80',20),(133,'寵物餐點','貓咪雞肉飯','70',20),(134,'寵物點心','蜂蜜燕麥狗餅乾','50',20),(135,'寵物點心','貓草曲奇','40',20),(136,'人類餐點','愛心披薩','180',20),(137,'人類餐點','主人套餐','250',20),(138,'飲品','狗仔咖啡拿鐵','140',16),(139,'飲品','寵物營養雞湯','120',16),(140,'主餐','寵物蔬菜水果沙拉','160',16),(141,'主餐','貓咪牛肉肉捲','150',16),(142,'甜蜜時光','雙層貓掌巧克力慕斯','180',16),(153,'難吃的東西','芋頭','100',51),(154,'特色飲品','好喝可樂','200',51),(155,'特色甜點','好吃冰淇淋','300',51),(156,'寵物餐點','寵物牛排','80',43),(157,'寵物餐點','貓咪雞肉飯','70',43),(158,'寵物點心','蜂蜜燕麥狗餅乾','50',43),(159,'寵物點心','貓草曲奇','40',43),(160,'人類餐點','愛心披薩','180',43),(161,'人類餐點','主人套餐','250',43),(162,'人類餐點','牛肉漢堡','160',43),(163,'人類餐點','鮭魚沙拉','120',43),(164,'人類餐點','雞蛋三明治','90',43),(165,'寵物餐點','寵物鮪魚片','60',43),(166,'寵物點心','狗仔骨零食','30',43),(167,'人類飲品','咖啡拿鐵','60',43),(168,'人類飲品','草莓果汁','50',43),(169,'人類餐點','牛肉漢堡','160',47),(170,'人類餐點','鮭魚沙拉','120',47),(171,'人類餐點','雞蛋三明治','90',47),(172,'寵物餐點','寵物鮪魚片','60',47),(173,'寵物點心','狗仔骨零食','30',47),(174,'人類飲品','咖啡拿鐵','60',47),(175,'人類飲品','香蕉巧克力','50',47),(176,'人類餐點','蔬菜水果沙拉','110',45),(177,'人類餐點','法式烤麵包','85',45),(178,'人類餐點','熱狗蛋餅','75',45),(179,'寵物餐點','貓咪鯛魚片','65',45),(180,'寵物點心','狗狗雞蛋零食','25',45),(181,'人類飲品','卡布奇諾','55',45),(190,'人氣餐點','香烤蔬菜義大利麵','130',39),(191,'人氣餐點','蘑菇起司焗烤','95',39),(192,'人氣飲品','蔓越莓綠茶','70',39),(193,'人氣飲品','藝術拿鐵','80',39),(194,'人氣餐點','夏日水果沙拉','120',39),(195,'網美必備','經典提拉米蘇','110',39),(196,'無酒精飲料','蔓越莓氣泡飲','55',39),(197,'超好拍照','濃郁巧克力瑞士捲','140',39),(198,'人氣餐點','香烤蔬菜義大利麵','130',40),(199,'人氣餐點','蘑菇起司焗烤','95',40),(200,'人氣飲品','蔓越莓綠茶','70',40),(201,'人氣飲品','藝術拿鐵','80',40),(202,'人氣餐點','夏日水果沙拉','120',40),(203,'網美必備','經典提拉米蘇','110',40),(204,'無酒精飲料','蔓越莓氣泡飲','55',40),(205,'超好拍照','濃郁巧克力瑞士捲','140',40),(206,'人氣餐點','素食花生醬三明治','95',41),(207,'人氣餐點','夏日水果拼盤','80',41),(208,'人氣飲品','清新薄荷冰茶','60',41),(209,'人氣飲品','花果冰拿鐵','85',41),(210,'人氣餐點','蘋果堅果沙拉','110',41),(211,'網每必備','紅豆抹茶千層蛋糕','120',41),(212,'無酒精飲料','橙檸檬汽水','45',41),(213,'超好拍照','松餅與香蕉','70',41),(214,'人氣餐點','古早味蛋糕捲','80',42),(215,'人氣飲品','濃醇巧克力牛奶','60',42),(216,'人氣餐點','風味三明治','95',42),(217,'人氣飲品','經典美式咖啡','50',42),(218,'人氣餐點','綠意沙拉','110',42),(219,'人氣飲品','紅茶拿鐵','70',42),(220,'超好拍照','奶油草莓塔','120',42),(221,'無酒精飲料','檸檬蜂蜜水','45',42),(222,'人氣餐點','蘋果肉桂捲','85',44),(223,'人氣餐點','藍莓鮮果沙拉','105',44),(224,'人氣飲品','草莓香氛茶','65',44),(225,'人氣飲品','薄荷拿鐵','80',44),(226,'人氣餐點','招牌綠葉沙拉','120',44),(227,'超好拍照','巧克力榛果蛋糕','130',44),(228,'無酒精飲料','鮮榨橙汁','50',44),(229,'人氣餐點','綠意冰淇淋杯','95',44),(230,'人氣餐點','法式藍莓蛋糕','90',46),(231,'人氣飲品','花香果茶','70',46),(232,'人氣餐點','香煎鮪魚三明治','95',46),(233,'人氣飲品','榛果拿鐵','75',46),(234,'人氣餐點','凱薩沙拉','110',46),(235,'超好拍照','迷你草莓塔','105',46),(236,'人氣飲品','蜜桃冰茶','60',46),(237,'人氣餐點','巧克力香蕉鬆餅','120',46),(238,'懷念的味道','童年蛋糕捲','70',48),(239,'懷念的味道','奶奶的炸雞','90',48),(240,'懷念的味道','怀旧拿铁','60',48),(241,'呷粗飽','花式蛋炒饭','85',48),(242,'無酒精飲料','古早味冬瓜茶','50',48),(243,'文青組合','文青鳳梨酥','80',48),(244,'人氣餐點','經典燻鮭魚三明治','100',48),(245,'懷念的味道','懷舊珍珠奶茶','65',48),(246,'人氣餐點','花園鮮蔬三明治','95',49),(247,'人氣飲品','綠茶拿鐵','70',49),(248,'超好拍照','手工酥皮蘋果派','85',49),(249,'呷粗飽','特製鱷魚鬆餅','110',49),(250,'人氣飲品','檸檬椰奶冰','60',49),(251,'文青組合','青草莓果醬鬆餅','75',49),(252,'人氣飲品','南洋咖啡','50',49),(253,'呷粗飽','營養堅果果昔','90',49),(254,'呷粗飽','豐盛農夫早餐','120',50),(255,'人氣飲品','藝術拿鐵','80',50),(256,'超好拍照','經典法式奶霜酥','90',50),(257,'呷粗飽','主廚特調漢堡','110',50),(258,'人氣飲品','清爽芒果冰沙','70',50),(259,'文青組合','酪梨雞蛋吐司','85',50),(260,'人氣飲品','卡布奇諾','60',50),(261,'人氣餐點','營養水果拼盤','100',50),(262,'難吃的東西','芋頭','100',25),(263,'特色飲品','好喝可樂','200',25),(264,'特色甜點','好吃冰淇淋','300',25);
/*!40000 ALTER TABLE `menus` ENABLE KEYS */;
UNLOCK TABLES;

--
-- Table structure for table `rules`
--

DROP TABLE IF EXISTS `rules`;
/*!40101 SET @saved_cs_client     = @@character_set_client */;
/*!50503 SET character_set_client = utf8mb4 */;
CREATE TABLE `rules` (
  `id` int NOT NULL AUTO_INCREMENT,
  `type` varchar(255) DEFAULT NULL,
  `heading` varchar(255) DEFAULT NULL,
  `content` varchar(255) DEFAULT NULL,
  `cafe_id` int DEFAULT NULL,
  PRIMARY KEY (`id`)
) ENGINE=InnoDB AUTO_INCREMENT=7 DEFAULT CHARSET=utf8mb4 COLLATE=utf8mb4_0900_ai_ci;
/*!40101 SET character_set_client = @saved_cs_client */;

--
-- Dumping data for table `rules`
--

LOCK TABLES `rules` WRITE;
/*!40000 ALTER TABLE `rules` DISABLE KEYS */;
INSERT INTO `rules` VALUES (1,'time_limit','1','限時規則',2),(2,'min_order','200','低消補充',2),(3,'customize','規則4大標','規則3內容',2),(4,'customize','規則4大標','規則4內容',2),(5,'customize','規則5大標','規則5內容',2),(6,'customize','規則6大標','規則6內容',2);
/*!40000 ALTER TABLE `rules` ENABLE KEYS */;
UNLOCK TABLES;

--
-- Table structure for table `seats`
--

DROP TABLE IF EXISTS `seats`;
/*!40101 SET @saved_cs_client     = @@character_set_client */;
/*!50503 SET character_set_client = utf8mb4 */;
CREATE TABLE `seats` (
  `id` int NOT NULL AUTO_INCREMENT,
  `icon` varchar(255) DEFAULT NULL,
  `type` varchar(255) DEFAULT NULL,
  `available_seats` varchar(255) DEFAULT NULL,
  `total_seats` varchar(255) DEFAULT NULL,
  `cafe_id` int DEFAULT NULL,
  PRIMARY KEY (`id`)
) ENGINE=InnoDB AUTO_INCREMENT=201 DEFAULT CHARSET=utf8mb4 COLLATE=utf8mb4_0900_ai_ci;
/*!40101 SET character_set_client = @saved_cs_client */;

--
-- Dumping data for table `seats`
--

LOCK TABLES `seats` WRITE;
/*!40000 ALTER TABLE `seats` DISABLE KEYS */;
INSERT INTO `seats` VALUES (7,'icon keyword1','一般席','0','15',1),(8,'icon keyword2','插座席','15','25',1),(9,'icon keyword','一般席','0','25',4),(10,'icon keyword','插座席','15','25',4),(11,'chair','一般席','10','30',5),(12,'plug','插座席','8','15',5),(13,'chair','一般席','15','40',6),(14,'plug','插座席','15','15',6),(15,'dog','寵物區','15','20',7),(16,'chair','主人席','10','15',7),(17,'icon-keyword','獨立小桌','10','15',8),(18,'icon-keyword','大型團體席','2','10',8),(19,'icon-keyword','書本角落','1','5',8),(20,'chair','一般席','15','30',9),(21,'plug','插座席','10','15',9),(22,'icon-keyword','窗邊座位','10','12',10),(23,'icon-keyword','高腳吧台','3','8',10),(24,'icon-keyword','舒適沙發','7','5',10),(25,'座席圖示1','窗邊席','10','15',11),(26,'座席圖示2','地板席','8','20',11),(27,'座席圖示3','沙發席','8','10',11),(28,'座席圖示4','舒適沙發席','6','12',12),(29,'座席圖示5','插座席','12','18',12),(30,'座席圖示6','寵物專區','2','10',12),(31,'chair','一般席','4','20',13),(32,'plug','插座席','14','10',13),(33,'icon-keyword','綠意庭院','9','20',14),(34,'icon-keyword','寧靜閱讀區','2','10',14),(35,'icon-keyword','開放大廳','13','15',14),(36,'icon-keyword','綠意庭院','11','20',15),(37,'icon-keyword','寧靜閱讀區','2','10',15),(38,'icon-keyword','開放大廳','3','15',15),(57,'座席圖示7','綠意庭園席','15','16',16),(58,'座席圖示8','寵物友善席','8','20',16),(59,'座席圖示9','窗外觀景席','6','12',16),(107,'icon','seat_1','10','10',51),(108,'icon','seat_2','1','10',51),(109,'icon','seat_3','1','10',51),(117,'outdoor','戶外座位','21','30',40),(118,'table','用餐桌位','10','16',40),(119,'barstool','吧檯高腳椅區','1','4',40),(120,'lounge','休閒椅位','3','6',40),(121,'outdoor','戶外座位','15','30',41),(122,'table','用餐桌位','10','16',41),(123,'barstool','吧檯高腳椅區','3','4',41),(124,'book','閱讀角','3','6',42),(125,'sofa','舒適沙發區','6','12',42),(126,'table','用餐桌位','7','18',42),(127,'lounge','休閒椅位','1','8',42),(128,'dog','寵物區','5','10',43),(129,'couch','舒適沙發區','2','6',43),(130,'table','用餐桌位','12','16',43),(131,'barstool','吧檯高腳椅區','1','4',43),(132,'cat','貓咪伴侶區','5','8',45),(133,'table','用餐桌位','11','14',45),(134,'sofa','舒適沙發區','2','5',45),(135,'lounge','休閒椅位','4','6',45),(136,'cat','吸貓區','6','8',47),(137,'table','用餐桌位','11','14',47),(138,'sofa','舒適沙發區','1','5',47),(139,'lounge','休閒椅位','3','6',47),(140,'window','窗邊美景區','8','10',39),(141,'table','用餐桌位','2','14',39),(142,'laptop','工作區','7','8',39),(143,'chair','一般座位','15','20',39),(144,'group','聊天多人桌','7','12',39),(145,'plant','植物綠意區','5','6',39),(146,'couch','舒適沙發區','3','8',40),(147,'table','用餐桌位','10','20',40),(148,'barstool','吧檯高腳椅區','4','6',40),(149,'window','窗邊美景區','7','10',41),(150,'table','用餐桌位','12','14',41),(151,'laptop','工作區','1','8',41),(152,'chair','一般座位','4','20',41),(153,'group','聊天多人桌','8','12',41),(154,'plant','植物綠意區','1','6',41),(155,'window','窗邊美景區','8','10',46),(156,'table','用餐桌位','12','14',46),(157,'laptop','工作區','7','8',46),(158,'chair','一般座位','18','20',46),(159,'group','聊天多人桌','10','12',46),(160,'plant','植物綠意區','4','6',46),(161,'desk','工作區','3','20',44),(162,'table','用餐桌位','2','10',44),(163,'sofa','舒適沙發區','4','6',44),(164,'chair','一般座位','7','12',44),(165,'plug','插座區','2','8',44),(166,'group','聊天區','0','4',44),(167,'desk','工作區','18','20',48),(168,'table','用餐桌位','9','10',48),(169,'sofa','舒適沙發區','5','6',48),(170,'chair','一般座位','10','12',48),(171,'plug','插座區','7','8',48),(172,'group','聊天區','3','4',48),(173,'desk','工作區','7','20',49),(174,'table','會議桌','2','12',49),(175,'sofa','舒適沙發區','5','6',49),(176,'group','聊天區','3','4',49),(177,'desk','工作區','10','12',50),(178,'table','用餐桌位','4','6',50),(179,'sofa','舒適沙發區','2','4',50),(180,'chair','一般座位','9','10',50),(181,'plug','插座區','5','6',50),(182,'group','聊天區','2','4',50);
/*!40000 ALTER TABLE `seats` ENABLE KEYS */;
UNLOCK TABLES;

--
-- Table structure for table `service_and_equipments`
--

DROP TABLE IF EXISTS `service_and_equipments`;
/*!40101 SET @saved_cs_client     = @@character_set_client */;
/*!50503 SET character_set_client = utf8mb4 */;
CREATE TABLE `service_and_equipments` (
  `id` int NOT NULL AUTO_INCREMENT,
  `icon` varchar(255) DEFAULT NULL,
  `type` varchar(255) DEFAULT NULL,
  `content` varchar(255) DEFAULT NULL,
  `cafe_id` int DEFAULT NULL,
  PRIMARY KEY (`id`)
) ENGINE=InnoDB AUTO_INCREMENT=8 DEFAULT CHARSET=utf8mb4 COLLATE=utf8mb4_0900_ai_ci;
/*!40101 SET character_set_client = @saved_cs_client */;

--
-- Dumping data for table `service_and_equipments`
--

LOCK TABLES `service_and_equipments` WRITE;
/*!40000 ALTER TABLE `service_and_equipments` DISABLE KEYS */;
INSERT INTO `service_and_equipments` VALUES (1,'icon 關鍵字','plug','1',2),(2,'icon 關鍵字','wifi','1',2),(3,'icon 關鍵字','smoking_area','0',2),(4,'icon關鍵字','dog','0',2),(5,'icon關鍵字','cat','1',2),(6,'icon關鍵字','customize','特色1',2),(7,'icon關鍵字','customize','特色2',2);
/*!40000 ALTER TABLE `service_and_equipments` ENABLE KEYS */;
UNLOCK TABLES;

--
-- Table structure for table `shops`
--

DROP TABLE IF EXISTS `shops`;
/*!40101 SET @saved_cs_client     = @@character_set_client */;
/*!50503 SET character_set_client = utf8mb4 */;
CREATE TABLE `shops` (
  `id` int NOT NULL AUTO_INCREMENT,
  `user_name` varchar(255) DEFAULT NULL,
  `email` varchar(255) DEFAULT NULL,
  `password` varchar(255) DEFAULT NULL,
  `provider` varchar(255) DEFAULT 'native',
  `shop_name` varchar(255) DEFAULT NULL,
  `type` varchar(255) DEFAULT NULL,
  `introduction` varchar(255) DEFAULT NULL,
  `opening_hour` json DEFAULT NULL,
  `closing_hour` json DEFAULT NULL,
  `address` varchar(255) DEFAULT NULL,
  `telephone` varchar(255) DEFAULT NULL,
  `facebook` varchar(255) DEFAULT NULL,
  `ig` varchar(255) DEFAULT NULL,
  `line` varchar(255) DEFAULT NULL,
  `time_limit` tinyint(1) DEFAULT NULL,
  `min_order` int DEFAULT NULL,
  `plug` tinyint(1) DEFAULT NULL,
  `wifi` tinyint(1) DEFAULT NULL,
  `smoking_area` tinyint(1) DEFAULT NULL,
  `dog` tinyint(1) DEFAULT NULL,
  `cat` tinyint(1) DEFAULT NULL,
  `service_and_equipment` json DEFAULT NULL,
  `rules` json DEFAULT NULL,
  `primary_image` varchar(255) DEFAULT NULL,
  `secondary_image_1` varchar(255) DEFAULT NULL,
  `secondary_image_2` varchar(255) DEFAULT NULL,
  `operating_status` varchar(255) DEFAULT NULL,
  `status_last_updated` timestamp NULL DEFAULT NULL,
  `menu_last_updated` timestamp NULL DEFAULT NULL,
  `is_published` tinyint(1) DEFAULT '0',
  `nearest_MRT` varchar(255) DEFAULT NULL,
  PRIMARY KEY (`id`)
) ENGINE=InnoDB AUTO_INCREMENT=54 DEFAULT CHARSET=utf8mb4 COLLATE=utf8mb4_0900_ai_ci;
/*!40101 SET character_set_client = @saved_cs_client */;

--
-- Dumping data for table `shops`
--

LOCK TABLES `shops` WRITE;
/*!40000 ALTER TABLE `shops` DISABLE KEYS */;
INSERT INTO `shops` VALUES (4,'pt','noux@test.com','$2b$10$uzao8QOYPG6v.dDmb6yed.SeIws5GdKg6wIO8d7FkYAeEs8V6qILC','native','努得','寵物','Paws and Sip Cafe 是一家融合了咖啡文化與寵物愛的咖啡廳，您可以在這裡與您的毛孩一起度過美好的時光。','{\"Fri\": \"09:00\", \"Mon\": \"店休\", \"Sat\": \"09:00\", \"Sun\": \"12:00\", \"Thu\": \"09:00\", \"Tue\": \"09:00\", \"Wed\": \"12:00\"}','{\"Fri\": \"18:00\", \"Mon\": \"店休\", \"Sat\": \"18:00\", \"Sun\": \"18:00\", \"Thu\": \"21:00\", \"Tue\": \"21:00\", \"Wed\": \"21:00\"}','高雄市養寵區寵樂街789號','07-6543-2109',NULL,NULL,'line.me/pawsandsip',0,180,1,1,0,0,0,'[{\"id\": 1, \"icon\": \"插座\", \"type\": \"plug\", \"content\": true}, {\"id\": 2, \"icon\": \"Wi-Fi\", \"type\": \"wifi\", \"content\": true}, {\"id\": 3, \"icon\": \"吸菸區\", \"type\": \"smoking_area\", \"content\": false}, {\"id\": 4, \"icon\": \"狗狗區域\", \"type\": \"dog\", \"content\": false}, {\"id\": 5, \"icon\": \"貓咪區域\", \"type\": \"cat\", \"content\": false}, {\"id\": 6, \"icon\": \"特色1\", \"type\": \"customize\", \"content\": \"寵物精緻餐點\"}, {\"id\": 7, \"icon\": \"特色2\", \"type\": \"customize\", \"content\": \"特色2\"}]','[{\"id\": 100, \"type\": \"time_limit\", \"content\": \"請維持場內整潔，愛護環境。\", \"heading\": false}, {\"id\": 2, \"type\": \"min_order\", \"content\": \"每位客人需點餐滿180元，即可免費使用寵物遊戲區。\", \"heading\": 180}]','https://13.211.10.154/shopPics/1692696851600-48057.jpeg',NULL,NULL,'正常營業','2023-08-18 20:44:08','2023-08-18 11:45:13',0,'最近捷運站'),(5,'coffeeparadise','coffeeparadise@test.com','$2b$10$mSLwwj/E2DPDgnWojHd/UOBJMDC6.d164HVglTXHz2YM8xu4S4J02','native','咖啡天地','休閒','這是一間提供舒適休閒環境的咖啡廳。','{\"Fri\": \"10:00\", \"Mon\": \"08:00\", \"Sat\": \"10:30\", \"Sun\": \"11:00\", \"Thu\": \"09:30\", \"Tue\": \"08:30\", \"Wed\": \"09:00\"}','{\"Fri\": \"19:00\", \"Mon\": \"17:00\", \"Sat\": \"19:00\", \"Sun\": \"19:00\", \"Thu\": \"22:00\", \"Tue\": \"22:00\", \"Wed\": \"22:00\"}','台北市中山區復興北路123號','02-12345678','https://www.facebook.com/coffeeparadise','https://www.instagram.com/coffeeparadise','coffeeparadise_line',1,200,1,1,0,0,0,'[{\"icon\": \"plug\", \"type\": \"plug\", \"content\": true}, {\"icon\": \"wifi\", \"type\": \"wifi\", \"content\": true}, {\"icon\": \"smoking\", \"type\": \"smoking_area\", \"content\": false}, {\"icon\": \"cat\", \"type\": \"cat\", \"content\": \"可愛店貓\"}, {\"icon\": \"dog\", \"type\": \"dog\", \"content\": false}, {\"icon\": \"customize\", \"type\": \"customize\", \"content\": \"手沖咖啡\"}, {\"icon\": \"customize\", \"type\": \"customize\", \"content\": \"特色甜點\"}]','[{\"type\": \"time_limit\", \"content\": \"用餐限時 2 小時\", \"heading\": true}, {\"type\": \"min_order\", \"content\": \"每人低消 $200\", \"heading\": 200}, {\"type\": \"customize\", \"content\": \"歡迎攜帶小型寵物\", \"heading\": \"寵物友善\"}]','https://13.211.10.154/shopPics/1692786264172-59437.jpg','https://13.211.10.154/shopPics/1692786264175-59868.jpg','https://13.211.10.154/shopPics/1692786264179-72968.jpg','正常營業','2023-08-20 00:26:46','2023-08-18 22:05:27',1,'捷運南京復興站'),(6,'修改測試','test@test.com','$2b$10$hxPVW64QReixGrv.SU7Uoe8heCEqc.saZrQj1uBf/v2Z34V4yw1Z.','native','Caffeine Haven','工作','Caffeine Haven 歡迎您！我們提供悠閒的環境，適合您享受創作和工作。','{\"Fri\": \"14:00\", \"Mon\": \"店休\", \"Sat\": \"14:30\", \"Sun\": \"15:00\", \"Thu\": \"13:30\", \"Tue\": \"12:30\", \"Wed\": \"13:00\"}','{\"Fri\": \"20:00\", \"Mon\": \"店休\", \"Sat\": \"20:00\", \"Sun\": \"20:00\", \"Thu\": \"23:00\", \"Tue\": \"23:00\", \"Wed\": \"23:00\"}','高雄市左營區明華路 345 號','07-65432109',NULL,'https://www.instagram.com/caffeinehaven',NULL,1,180,1,1,0,0,1,'[{\"id\": 1, \"icon\": \"plug\", \"type\": \"plug\", \"content\": true}, {\"id\": 2, \"icon\": \"wifi\", \"type\": \"wifi\", \"content\": true}, {\"id\": 3, \"icon\": \"smoking\", \"type\": \"smoking_area\", \"content\": false}, {\"id\": 4, \"icon\": \"cat\", \"type\": \"cat\", \"content\": true}, {\"id\": 5, \"icon\": \"dog\", \"type\": \"dog\", \"content\": false}, {\"id\": 6, \"icon\": \"customize\", \"type\": \"customize\", \"content\": \"供應經典手沖咖啡\"}, {\"id\": 7, \"icon\": \"customize\", \"type\": \"customize\", \"content\": \"提供輕食和甜點\"}]','[{\"id\": 1, \"type\": \"time_limit\", \"content\": \"使用時間限制：請客人在繁忙時段保持使用時間不超過 3 小時。\", \"heading\": true}, {\"id\": 2, \"type\": \"min_order\", \"content\": \"低消補充：每位客人需消費不少於 180 元。\", \"heading\": 180}, {\"id\": 3, \"type\": \"customize\", \"content\": \"請保持安靜，避免打擾到其他客人。\", \"heading\": \"尊重他人\"}, {\"id\": 4, \"type\": \"customize\", \"content\": \"插座供筆記型電腦等用途使用，謝謝合作。\", \"heading\": \"插座使用\"}]','https://13.211.10.154/shopPics/1692841779261-98021.jpg','https://13.211.10.154/shopPics/1692841779280-64324.jpg','https://13.211.10.154/shopPics/1692841779284-64429.jpg','正常營業','2023-08-21 13:20:29','2023-08-18 22:52:41',0,NULL),(7,'petcafe','petcafe@test.com','$2b$10$ypZQVqkHAZ7kWbXrdeBHEOuggKwH1NAic2HIgIfCPUwFbJNpY15Kq','native','PetCafe','寵物','這是一家專為寵物和主人設計的咖啡廳。','{\"Fri\": \"12:00\", \"Mon\": \"店休\", \"Sat\": \"12:30\", \"Sun\": \"13:00\", \"Thu\": \"11:30\", \"Tue\": \"10:30\", \"Wed\": \"11:00\"}','{\"Fri\": \"17:30\", \"Mon\": \"店休\", \"Sat\": \"17:30\", \"Sun\": \"17:30\", \"Thu\": \"20:30\", \"Tue\": \"20:30\", \"Wed\": \"20:30\"}','新北市板橋區中山路456號','02-98765432',NULL,'https://www.instagram.com/petcafe_official',NULL,1,150,0,1,0,0,1,'[{\"icon\": \"plug\", \"type\": \"plug\", \"content\": false}, {\"icon\": \"wifi\", \"type\": \"wifi\", \"content\": true}, {\"icon\": \"smoking\", \"type\": \"smoking_area\", \"content\": false}, {\"icon\": \"cat\", \"type\": \"cat\", \"content\": true}, {\"icon\": \"dog\", \"type\": \"dog\", \"content\": false}, {\"icon\": \"customize\", \"type\": \"customize\", \"content\": \"寵物用品販售\"}, {\"icon\": \"customize\", \"type\": \"customize\", \"content\": \"寵物美容服務\"}]','[{\"type\": \"time_limit\", \"content\": \"每位顧客限時 3 小時\", \"heading\": true}, {\"type\": \"min_order\", \"content\": \"最低消費 $150\", \"heading\": 150}, {\"type\": \"customize\", \"content\": \"提供專屬寵物區域\", \"heading\": \"寵物安全\"}, {\"type\": \"customize\", \"content\": \"定期舉辦主人寵物聚會\", \"heading\": \"主人聚會\"}]','https://13.211.10.154/shopPics/1692783667707-54890.jpg','https://13.211.10.154/shopPics/1692783667716-60329.jpg','https://13.211.10.154/shopPics/1692783667737-492.jpg','正常營業','2023-08-19 11:08:16','2023-08-18 23:05:08',1,'捷運府中站'),(8,'cozycornercafe','cozycornercafe@test.com','$2b$10$7Rx.rBXXwJYpZk4z7A1heuZL0R4B6v7YEGcavYZ0OpNFhy.O1nHv2','native','Cozy Corner Cafe','工作','歡迎來到 Cozy Corner Cafe，這裡是一間提供舒適工作環境的咖啡廳。','{\"Fri\": \"11:00\", \"Mon\": \"09:00\", \"Sat\": \"11:30\", \"Sun\": \"店休\", \"Thu\": \"10:30\", \"Tue\": \"09:30\", \"Wed\": \"10:00\"}','{\"Fri\": \"18:30\", \"Mon\": \"17:00\", \"Sat\": \"18:30\", \"Sun\": \"店休\", \"Thu\": \"21:30\", \"Tue\": \"21:30\", \"Wed\": \"21:30\"}','台北市中山區大同路 123 號','02-12345678','https://www.facebook.com/cozycornercafe','https://www.instagram.com/cozycornercafe','@cozycornercafe',1,200,1,1,1,0,0,'[{\"icon\": \"plug\", \"type\": \"plug\", \"content\": true}, {\"icon\": \"wifi\", \"type\": \"wifi\", \"content\": true}, {\"icon\": \"smoking\", \"type\": \"smoking_area\", \"content\": true}, {\"icon\": \"cat\", \"type\": \"cat\", \"content\": false}, {\"icon\": \"dog\", \"type\": \"dog\", \"content\": false}, {\"icon\": \"customize\", \"type\": \"customize\", \"content\": \"提供特色手沖咖啡\"}, {\"icon\": \"customize\", \"type\": \"customize\", \"content\": \"提供新鮮烘焙糕點\"}]','[{\"type\": \"time_limit\", \"content\": \"使用時間限制：每位客人最多可以使用 4 小時。\", \"heading\": true}, {\"type\": \"min_order\", \"content\": \"低消補充：每位客人需消費不低於 200 元。\", \"heading\": 200}, {\"type\": \"customize\", \"content\": \"請尊重其他客人，勿濫用 Wi-Fi 資源。\", \"heading\": \"Wi-Fi 使用\"}, {\"type\": \"customize\", \"content\": \"請保持安靜，避免影響其他客人工作。\", \"heading\": \"安靜環境\"}, {\"type\": \"customize\", \"content\": \"插座僅限筆記型電腦、手機等設備使用。\", \"heading\": \"插座使用\"}]','https://13.211.10.154/shopPics/1692784217691-81578.jpg','https://13.211.10.154/shopPics/1692784217710-62061.jpg','https://13.211.10.154/shopPics/1692784217717-83712.jpg','正常營業','2023-08-21 13:17:40','2023-08-18 23:52:58',1,'捷運中山站'),(9,'sunnycafe','sunnycafe@test.com','$2b$10$gSamC/lUjGSahTwPBGjJjeq54xhP9wiXpBUkxBHs/CMU0vvHosX/W','native','陽光咖啡屋','休閒','這是一家位於海邊的休閒咖啡廳，可以享受藍天和海景。','{\"Fri\": \"09:00\", \"Mon\": \"店休\", \"Sat\": \"09:00\", \"Sun\": \"12:00\", \"Thu\": \"09:00\", \"Tue\": \"09:00\", \"Wed\": \"12:00\"}','{\"Fri\": \"18:00\", \"Mon\": \"店休\", \"Sat\": \"18:00\", \"Sun\": \"18:00\", \"Thu\": \"21:00\", \"Tue\": \"21:00\", \"Wed\": \"21:00\"}','台北市北投區湯山路123號','02-98765432',NULL,'https://www.instagram.com/sunnycafe',NULL,0,0,1,1,1,0,0,'[{\"icon\": \"plug\", \"type\": \"plug\", \"content\": true}, {\"icon\": \"wifi\", \"type\": \"wifi\", \"content\": true}, {\"icon\": \"smoking\", \"type\": \"smoking_area\", \"content\": true}, {\"icon\": \"dog\", \"type\": \"dog\", \"content\": false}, {\"icon\": \"cat\", \"type\": \"cat\", \"content\": false}, {\"icon\": \"customize\", \"type\": \"customize\", \"content\": \"手工蛋糕\"}, {\"icon\": \"customize\", \"type\": \"customize\", \"content\": \"鮮果冰沙\"}]','[{\"type\": \"time_limit\", \"content\": \"歡迎長時間用餐\", \"heading\": false}, {\"type\": \"min_order\", \"content\": \"無最低消費\", \"heading\": 0}, {\"type\": \"customize\", \"content\": \"提供免費自助咖啡\", \"heading\": \"自助咖啡\"}, {\"type\": \"customize\", \"content\": \"座位位於露台，享受美景\", \"heading\": \"海景座位\"}]','https://13.211.10.154/shopPics/1692786191878-22981.jpg','https://13.211.10.154/shopPics/1692786191894-16793.jpg','https://13.211.10.154/shopPics/1692786191904-90033.jpg','正常營業','2023-08-21 13:20:56','2023-08-19 00:34:58',1,'捷運北投站'),(10,'morningbrew','morningbrew@test.com','$2b$10$mVC91wH/9JrUWP1WnnYQV.iCft2S/97NA4Q4mHe1EWBC0C.hgpdw2','native','Morning Brew Cafe','工作','Morning Brew Cafe 歡迎您！我們提供優質的咖啡及寬敞的工作環境。','{\"Fri\": \"09:00\", \"Mon\": \"店休\", \"Sat\": \"09:00\", \"Sun\": \"12:00\", \"Thu\": \"09:00\", \"Tue\": \"09:00\", \"Wed\": \"12:00\"}','{\"Fri\": \"18:00\", \"Mon\": \"店休\", \"Sat\": \"18:00\", \"Sun\": \"18:00\", \"Thu\": \"21:00\", \"Tue\": \"21:00\", \"Wed\": \"21:00\"}','新北市板橋區民族路 456 號','02-98765432',NULL,'https://www.instagram.com/morningbrewcafe',NULL,1,150,1,1,1,0,0,'[{\"icon\": \"plug\", \"type\": \"plug\", \"content\": true}, {\"icon\": \"wifi\", \"type\": \"wifi\", \"content\": true}, {\"icon\": \"smoking\", \"type\": \"smoking_area\", \"content\": true}, {\"icon\": \"cat\", \"type\": \"cat\", \"content\": false}, {\"icon\": \"dog\", \"type\": \"dog\", \"content\": false}, {\"icon\": \"customize\", \"type\": \"customize\", \"content\": \"提供冷泡咖啡\"}, {\"icon\": \"customize\", \"type\": \"customize\", \"content\": \"提供新鮮水果拼盤\"}]','[{\"type\": \"time_limit\", \"content\": \"使用時間限制：為了讓更多人使用，每位客人最多可使用 3 小時。\", \"heading\": true}, {\"type\": \"min_order\", \"content\": \"低消補充：需消費不少於 150 元。\", \"heading\": 150}, {\"type\": \"customize\", \"content\": \"請保持手機靜音，避免影響其他用戶。\", \"heading\": \"靜音環境\"}, {\"type\": \"customize\", \"content\": \"本店為全面禁煙場所，謝謝您的合作。\", \"heading\": \"無煙區\"}]','https://13.211.10.154/shopPics/1692786335946-21914.jpg','https://13.211.10.154/shopPics/1692786335994-37316.jpg','https://13.211.10.154/shopPics/1692786336003-66229.jpg','正常營業','2023-08-21 13:23:59','2023-08-19 00:42:05',1,'捷運府中站'),(11,'fluffypawscafe','fluffypawscafe@test.com','$2b$10$ueLEpq0V3TQO9PWFHZiK0.ayFVVTuhChBPIH1pJfDO7CZscaFdlcG','native','Fluffy Paws Cafe','寵物','歡迎來到 Fluffy Paws Cafe，我們是一家專為喜愛寵物的咖啡廳。在這裡，您可以品嚐美味的咖啡和甜點，同時與可愛的寵物們互動。','{\"Fri\": \"09:00\", \"Mon\": \"店休\", \"Sat\": \"09:00\", \"Sun\": \"12:00\", \"Thu\": \"09:00\", \"Tue\": \"09:00\", \"Wed\": \"12:00\"}','{\"Fri\": \"18:00\", \"Mon\": \"店休\", \"Sat\": \"18:00\", \"Sun\": \"18:00\", \"Thu\": \"21:00\", \"Tue\": \"21:00\", \"Wed\": \"21:00\"}','台北市中山區愛寵街123號','02-1234-5678','facebook.com/fluffypaws','instagram.com/fluffypaws',NULL,1,200,1,1,0,1,1,'[{\"icon\": \"插座\", \"type\": \"plug\", \"content\": true}, {\"icon\": \"Wi-Fi\", \"type\": \"wifi\", \"content\": true}, {\"icon\": \"吸菸區\", \"type\": \"smoking_area\", \"content\": false}, {\"icon\": \"貓咪區域\", \"type\": \"cat\", \"content\": true}, {\"icon\": \"狗狗區域\", \"type\": \"dog\", \"content\": true}, {\"icon\": \"特色1\", \"type\": \"customize\", \"content\": \"專屬寵物攝影區\"}, {\"icon\": \"特色2\", \"type\": \"customize\", \"content\": \"特色2\"}]','[{\"type\": \"time_limit\", \"content\": \"為了讓更多人有機會體驗，每組客人可用餐2小時。\", \"heading\": true}, {\"type\": \"min_order\", \"content\": \"每人消費滿200元，可以享受場內寵物互動。\", \"heading\": 200}]','https://13.211.10.154/shopPics/1692796545793-22814.jpg','https://13.211.10.154/shopPics/1692796545859-2733.jpg','https://13.211.10.154/shopPics/1692796545870-58707.jpg','正常營業','2023-08-21 13:28:42','2023-08-19 01:00:27',0,'捷運中山站'),(12,'WhiskersHavenCafe','WhiskersHavenCafe@test.com','$2b$10$oc84SMX6tcfRK7b6OTffk.M.le9HABHqiCop4iHHfUvI0ooee6nEy','native','Whiskers Haven Cafe','寵物','Whiskers Haven Cafe 歡迎所有寵物愛好者前來，我們提供溫馨的環境，讓您與您的毛孩一同享受輕鬆的午後。','{\"Fri\": \"14:00\", \"Mon\": \"12:00\", \"Sat\": \"14:30\", \"Sun\": \"15:00\", \"Thu\": \"13:30\", \"Tue\": \"店休\", \"Wed\": \"13:00\"}','{\"Fri\": \"20:00\", \"Mon\": \"16:00\", \"Sat\": \"20:00\", \"Sun\": \"20:00\", \"Thu\": \"23:00\", \"Tue\": \"店休\", \"Wed\": \"23:00\"}','新北市板橋區寵物路456號','02-9876-5432',NULL,'instagram.com/whiskershaven',NULL,1,250,0,0,0,0,1,'[{\"icon\": \"插座\", \"type\": \"plug\", \"content\": false}, {\"icon\": \"Wi-Fi\", \"type\": \"wifi\", \"content\": false}, {\"icon\": \"吸菸區\", \"type\": \"smoking_area\", \"content\": false}, {\"icon\": \"貓咪區域\", \"type\": \"cat\", \"content\": true}, {\"icon\": \"狗狗區域\", \"type\": \"dog\", \"content\": false}, {\"icon\": \"特色1\", \"type\": \"customize\", \"content\": \"貓咪專屬攀爬區\"}, {\"icon\": \"特色2\", \"type\": \"customize\", \"content\": \"特色2\"}]','[{\"type\": \"time_limit\", \"content\": \"為了維護寧靜，請勿大聲喧嘩。\", \"heading\": true}, {\"type\": \"min_order\", \"content\": \"每人最低消費為250元，可享用免費寵物美容服務。\", \"heading\": 250}]','https://13.211.10.154/shopPics/1692797861257-72303.jpg','https://13.211.10.154/shopPics/1692797861293-88664.jpg','https://13.211.10.154/shopPics/1692797861311-60624.jpg',NULL,NULL,'2023-08-19 01:08:58',0,'捷運江子翠站'),(13,'stargazercafe','stargazercafe@test.com','$2b$10$ZCeF.TBqmTldXTGQ/WdNUeXFSGNhok4GDU.PIPNAmNSyORLvThoJG','native','星光咖啡館','休閒','這是一家位於山區的休閒咖啡廳，可以在星空下享受寧靜。','{\"Fri\": \"09:00\", \"Mon\": \"店休\", \"Sat\": \"09:00\", \"Sun\": \"12:00\", \"Thu\": \"09:00\", \"Tue\": \"09:00\", \"Wed\": \"12:00\"}','{\"Fri\": \"18:00\", \"Mon\": \"店休\", \"Sat\": \"18:00\", \"Sun\": \"18:00\", \"Thu\": \"21:00\", \"Tue\": \"21:00\", \"Wed\": \"21:00\"}','新北市瑞芳區星空路456號','02-12345678','https://www.facebook.com/stargazercafe',NULL,NULL,1,150,1,1,1,0,0,'[{\"icon\": \"plug\", \"type\": \"plug\", \"content\": true}, {\"icon\": \"wifi\", \"type\": \"wifi\", \"content\": true}, {\"icon\": \"smoking\", \"type\": \"smoking_area\", \"content\": true}, {\"icon\": \"dog\", \"type\": \"dog\", \"content\": false}, {\"icon\": \"cat\", \"type\": \"cat\", \"content\": false}, {\"icon\": \"customize\", \"type\": \"customize\", \"content\": \"特色冷泡茶\"}, {\"icon\": \"customize\", \"type\": \"customize\", \"content\": \"草莓塔\"}]','[{\"type\": \"time_limit\", \"content\": \"每位客人限時 2 小時\", \"heading\": true}, {\"type\": \"min_order\", \"content\": \"每人最低消費 $150\", \"heading\": 150}, {\"type\": \"customize\", \"content\": \"提供望遠鏡觀賞星星\", \"heading\": \"星空觀賞\"}, {\"type\": \"customize\", \"content\": \"座位位於露天平台，享受美麗山景\", \"heading\": \"山景座位\"}]','https://13.211.10.154/shopPics/1692798448399-77244.jpg','https://13.211.10.154/shopPics/1692798448423-52037.jpg','https://13.211.10.154/shopPics/1692798448444-84617.jpg',NULL,NULL,'2023-08-19 01:22:20',0,'最近捷運站'),(14,'UrbanOasisCoffee','UrbanOasisCoffee@test.com','$2b$10$KXrYbKTq9F0/mjRvpRynO.0vYvDkKZAxbAX0o0Ceh2X2NsgMw2pyG','native','Urban Oasis Coffee','工作','Urban Oasis Coffee 歡迎您！我們提供寧靜的工作環境，是您尋找靈感的好地方。','{\"Fri\": \"11:00\", \"Mon\": \"09:00\", \"Sat\": \"11:30\", \"Sun\": \"12:00\", \"Thu\": \"10:30\", \"Tue\": \"09:30\", \"Wed\": \"10:00\"}','{\"Fri\": \"17:30\", \"Mon\": \"16:00\", \"Sat\": \"17:30\", \"Sun\": \"17:30\", \"Thu\": \"20:30\", \"Tue\": \"20:30\", \"Wed\": \"20:30\"}','台中市西區忠明路 789 號','04-56789012','https://www.facebook.com/urbanoasiscoffee',NULL,NULL,1,180,1,1,0,0,1,'[{\"icon\": \"plug\", \"type\": \"plug\", \"content\": true}, {\"icon\": \"wifi\", \"type\": \"wifi\", \"content\": true}, {\"icon\": \"smoking\", \"type\": \"smoking_area\", \"content\": false}, {\"icon\": \"cat\", \"type\": \"cat\", \"content\": true}, {\"icon\": \"dog\", \"type\": \"dog\", \"content\": false}, {\"icon\": \"customize\", \"type\": \"customize\", \"content\": \"提供精選手沖咖啡\"}, {\"icon\": \"customize\", \"type\": \"customize\", \"content\": \"提供健康沙拉套餐\"}]','[{\"type\": \"time_limit\", \"content\": \"使用時間限制：請客人勿在繁忙時段逗留超過 4 小時。\", \"heading\": true}, {\"type\": \"min_order\", \"content\": \"低消補充：每位客人需消費不少於 180 元。\", \"heading\": 180}, {\"type\": \"customize\", \"content\": \"請保持安靜，營造良好的工作氛圍。\", \"heading\": \"工作氛圍\"}, {\"type\": \"customize\", \"content\": \"插座僅供筆記型電腦等設備使用。\", \"heading\": \"電源使用\"}]','https://13.211.10.154/shopPics/1692799140166-67494.jpg','https://13.211.10.154/shopPics/1692799140178-82049.jpg','https://13.211.10.154/shopPics/1692799140227-60660.jpg','正常營業','2023-08-21 13:34:42','2023-08-19 01:52:09',1,NULL),(15,'CaffeineHaven','CaffeineHaven@test.com','$2b$10$0I2tt21doAL25qs8YJ09AOYkEoupiEtaqvea/4WoOv1DCdaHxAsyW','native','Caffeine Haven','工作','Caffeine Haven 歡迎您！我們提供悠閒的環境，適合您享受創作和工作。','{\"Fri\": \"09:00\", \"Mon\": \"店休\", \"Sat\": \"09:00\", \"Sun\": \"12:00\", \"Thu\": \"09:00\", \"Tue\": \"09:00\", \"Wed\": \"12:00\"}','{\"Fri\": \"18:00\", \"Mon\": \"店休\", \"Sat\": \"18:00\", \"Sun\": \"18:00\", \"Thu\": \"21:00\", \"Tue\": \"21:00\", \"Wed\": \"21:00\"}','高雄市左營區明華路 345 號','07-65432109',NULL,'https://www.instagram.com/caffeinehaven',NULL,1,180,1,1,1,0,0,'[{\"icon\": \"plug\", \"type\": \"plug\", \"content\": true}, {\"icon\": \"wifi\", \"type\": \"wifi\", \"content\": true}, {\"icon\": \"smoking\", \"type\": \"smoking_area\", \"content\": true}, {\"icon\": \"dog\", \"type\": \"dog\", \"content\": false}, {\"icon\": \"cat\", \"type\": \"cat\", \"content\": false}, {\"icon\": \"customize\", \"type\": \"customize\", \"content\": \"供應經典手沖咖啡\"}, {\"icon\": \"customize\", \"type\": \"customize\", \"content\": \"提供輕食和甜點\"}]','[{\"type\": \"time_limit\", \"content\": \"使用時間限制：請客人在繁忙時段保持使用時間不超過 3 小時。\", \"heading\": true}, {\"type\": \"min_order\", \"content\": \"低消補充：每位客人需消費不少於 180 元。\", \"heading\": 180}, {\"type\": \"customize\", \"content\": \"請保持安靜，避免打擾到其他客人。\", \"heading\": \"尊重他人\"}, {\"type\": \"customize\", \"content\": \"插座供筆記型電腦等用途使用，謝謝合作。\", \"heading\": \"插座使用\"}]','https://undefined/shopPics/1692594755388-55354.jpeg',NULL,NULL,NULL,NULL,'2023-08-19 01:58:32',0,'最近捷運站'),(16,'PawsAndSipCafe','PawsAndSipCafe@test.com','$2b$10$iTRnSH8L8JjONVd6CVf1gOnp8rh08Pl1itHNjxxBKQG5zNmkzYWjW','native','Paws and Sip Cafe','寵物','Paws and Sip Cafe 是一家融合了咖啡文化與寵物愛的咖啡廳，您可以在這裡與您的毛孩一起度過美好的時光。','{\"Fri\": \"12:00\", \"Mon\": \"10:00\", \"Sat\": \"12:30\", \"Sun\": \"13:00\", \"Thu\": \"店休\", \"Tue\": \"10:30\", \"Wed\": \"11:00\"}','{\"Fri\": \"19:00\", \"Mon\": \"15:00\", \"Sat\": \"19:00\", \"Sun\": \"19:00\", \"Thu\": \"店休\", \"Tue\": \"22:00\", \"Wed\": \"22:00\"}','高雄市養寵區寵樂街789號','07-6543-2109',NULL,NULL,'line.me/pawsandsip',0,180,0,0,0,0,1,'[{\"icon\": \"插座\", \"type\": \"plug\", \"content\": false}, {\"icon\": \"Wi-Fi\", \"type\": \"wifi\", \"content\": false}, {\"icon\": \"吸菸區\", \"type\": \"smoking_area\", \"content\": false}, {\"icon\": \"貓咪區域\", \"type\": \"cat\", \"content\": true}, {\"icon\": \"狗狗區域\", \"type\": \"dog\", \"content\": false}, {\"icon\": \"特色1\", \"type\": \"customize\", \"content\": \"寵物精緻餐點\"}, {\"icon\": \"特色2\", \"type\": \"customize\", \"content\": \"特色2\"}]','[{\"type\": \"time_limit\", \"content\": \"請維持場內整潔，愛護環境。\", \"heading\": false}, {\"type\": \"min_order\", \"content\": \"每位客人需點餐滿180元，即可免費使用寵物遊戲區。\", \"heading\": 180}]','https://13.211.10.154/shopPics/1692799536140-30071.jpg','https://13.211.10.154/shopPics/1692799536143-70265.jpg','https://13.211.10.154/shopPics/1692799536150-58395.jpg','正常營業','2023-08-21 13:44:36','2023-08-20 17:59:13',1,NULL),(18,'gahwa','gahwa@test.com','$2b$10$xmE/8GK/Bvn6tHgFdhGibOrPIDsGFqs9Fw.ke9evc5oia/avVlLdO','native',NULL,NULL,NULL,NULL,NULL,NULL,NULL,NULL,NULL,NULL,NULL,NULL,NULL,NULL,NULL,NULL,NULL,NULL,NULL,NULL,NULL,NULL,NULL,NULL,NULL,0,NULL),(19,'shoper','shoper@test.com','$2b$10$aAqSAYpjMXB2nVKfQdx9eu/w4S.eO7nQ.OuPQHgft8AimpOAjZ/6C','native',NULL,NULL,NULL,NULL,NULL,NULL,NULL,NULL,NULL,NULL,NULL,NULL,NULL,NULL,NULL,NULL,NULL,NULL,NULL,NULL,NULL,NULL,NULL,NULL,NULL,0,NULL),(20,'petcafe2','petcafe2@test.com','$2b$10$UFmuY7h9wTVWfoke2Kqf.u02cC4dLjR6M3vkGXVVH9G9CAu6oEPSq','native','PetCafe','寵物','這是一家專為寵物和主人設計的咖啡廳。','{\"Fri\": \"09:00\", \"Mon\": \"店休\", \"Sat\": \"09:00\", \"Sun\": \"12:00\", \"Tue\": \"09:00\", \"Wed\": \"12:00\", \"Thurs\": \"09:00\"}','{\"Fri\": \"18:00\", \"Mon\": \"店休\", \"Sat\": \"18:00\", \"Sun\": \"18:00\", \"Tue\": \"21:00\", \"Wed\": \"21:00\", \"Thurs\": \"21:00\"}','新北市板橋區中山路456號','02-98765432',NULL,'https://www.instagram.com/petcafe_official',NULL,1,150,0,1,0,1,1,'[{\"icon\": \"plug\", \"type\": \"plug\", \"content\": false}, {\"icon\": \"wifi\", \"type\": \"wifi\", \"content\": true}, {\"icon\": \"smoking\", \"type\": \"smoking_area\", \"content\": false}, {\"icon\": \"dog\", \"type\": \"dog\", \"content\": true}, {\"icon\": \"cat\", \"type\": \"cat\", \"content\": true}, {\"icon\": \"customize\", \"type\": \"customize\", \"content\": \"寵物用品販售\"}, {\"icon\": \"customize\", \"type\": \"customize\", \"content\": \"寵物美容服務\"}]','[{\"type\": \"time_limit\", \"content\": \"每位顧客限時 3 小時\", \"heading\": true}, {\"type\": \"min_order\", \"content\": \"最低消費 $150\", \"heading\": 150}, {\"type\": \"customize\", \"content\": \"提供專屬寵物區域\", \"heading\": \"寵物安全\"}, {\"type\": \"customize\", \"content\": \"定期舉辦主人寵物聚會\", \"heading\": \"主人聚會\"}]','https://13.211.10.154/shopPics/1692459836464-53788.jpeg',NULL,NULL,NULL,NULL,'2023-08-19 23:52:16',0,NULL),(21,'PawsAndSipCafe2','PawsAndSipCafe2@test.com','$2b$10$j63DRuSHeJaWFsbSVVRIi.nyKHS2tTvra9.FR/usYAWFv7wZfRV9W','native','Paws and Sip Cafe','寵物','Paws and Sip Cafe 是一家融合了咖啡文化與寵物愛的咖啡廳，您可以在這裡與您的毛孩一起度過美好的時光。','{\"Fri\": \"09:00\", \"Mon\": \"店休\", \"Sat\": \"09:00\", \"Sun\": \"12:00\", \"Tue\": \"09:00\", \"Wed\": \"12:00\", \"Thurs\": \"09:00\"}','{\"Fri\": \"18:00\", \"Mon\": \"店休\", \"Sat\": \"18:00\", \"Sun\": \"18:00\", \"Tue\": \"21:00\", \"Wed\": \"21:00\", \"Thurs\": \"21:00\"}','高雄市養寵區寵樂街789號','07-6543-2109',NULL,NULL,'line.me/pawsandsip',0,180,1,1,0,0,0,'[{\"id\": 1, \"icon\": \"插座\", \"type\": \"plug\", \"content\": true}, {\"id\": 2, \"icon\": \"Wi-Fi\", \"type\": \"wifi\", \"content\": true}, {\"id\": 3, \"icon\": \"吸菸區\", \"type\": \"smoking_area\", \"content\": false}, {\"id\": 4, \"icon\": \"狗狗區域\", \"type\": \"dog\", \"content\": false}, {\"id\": 5, \"icon\": \"貓咪區域\", \"type\": \"cat\", \"content\": false}, {\"id\": 6, \"icon\": \"特色1\", \"type\": \"customize\", \"content\": \"寵物精緻餐點\"}, {\"id\": 7, \"icon\": \"特色2\", \"type\": \"customize\", \"content\": \"特色2\"}]','[{\"id\": 1207, \"type\": \"time_limit\", \"content\": \"請維持場內整潔，愛護環境。\", \"heading\": false}, {\"id\": 2, \"type\": \"min_order\", \"content\": \"每位客人需點餐滿180元，即可免費使用寵物遊戲區。\", \"heading\": 180}]','https://undefined/shopPics/1692586579547-41327.jpeg',NULL,NULL,NULL,NULL,NULL,NULL,'最近捷運站'),(22,'shoper','shoper1@test.com','$2b$10$AA4bWiHepVwqbCSgSc0iq.p1.Q.Wa6F8Yx4oc27kzyAch4COlQ20W','native',NULL,NULL,NULL,NULL,NULL,NULL,NULL,NULL,NULL,NULL,NULL,NULL,NULL,NULL,NULL,NULL,NULL,NULL,NULL,NULL,NULL,NULL,NULL,NULL,NULL,0,NULL),(23,'shoper','shoper2@test.com','$2b$10$xe5KRPKyJId3ZghqXdpg.up0SQWNUO2bX2RTwh6lsm9vcvfpJzB4S','native',NULL,NULL,NULL,NULL,NULL,NULL,NULL,NULL,NULL,NULL,NULL,NULL,NULL,NULL,NULL,NULL,NULL,NULL,NULL,NULL,NULL,NULL,NULL,NULL,NULL,0,NULL),(24,'shoper','shoper3@test.com','$2b$10$hwM.pK0FGxy1C7Z9BEmgg.olC.k5LSqSQdyeY2uoNioaeHS02MFWO','native',NULL,NULL,NULL,NULL,NULL,NULL,NULL,NULL,NULL,NULL,NULL,NULL,NULL,NULL,NULL,NULL,NULL,NULL,NULL,NULL,NULL,NULL,NULL,NULL,NULL,0,NULL),(25,'咖啡老闆','cafeboss@appworks.tw','$2b$10$2JZJY.AjB9za1U9FnXIu4eYP.gSjoZh81Efe/1bXDdmgTcy86m/yi','native','TEST','workspace','ww','[\"00:00\", \"00:00\", \"00:00\", \"00:00\", \"00:00\", \"00:00\", \"00:00\"]','[\"00:00\", \"00:00\", \"00:00\", \"00:00\", \"00:00\", \"00:00\", \"00:00\"]','桃園市大園區航站南路臺灣桃園國際機場 (TPE)','0233663366','w','undefined','undefined',1,0,0,1,0,1,0,'[{\"id\": 1, \"icon\": \"plug\", \"type\": \"plug\", \"content\": false}, {\"id\": 2, \"icon\": \"wifi\", \"type\": \"wifi\", \"content\": true}, {\"id\": 3, \"icon\": \"smoke\", \"type\": \"smoke\", \"content\": false}, {\"id\": 4, \"icon\": \"cat\", \"type\": \"cat\", \"content\": false}, {\"id\": 5, \"icon\": \"dog\", \"type\": \"dog\", \"content\": true}, {\"id\": 6, \"icon\": \"customize\", \"type\": \"customize\"}, {\"id\": 7, \"icon\": \"customize\", \"type\": \"customize\"}, {\"id\": 8, \"icon\": \"customize\", \"type\": \"customize\"}]','[{\"id\": 1, \"type\": \"time_limit\", \"content\": \"本店限時 w 小時，w\", \"heading\": true}, {\"id\": 2, \"type\": \"min_order\", \"content\": \"w\", \"heading\": \"w\"}, {\"id\": 3, \"type\": \"customize\"}, {\"id\": 4, \"type\": \"customize\"}, {\"id\": 5, \"type\": \"customize\"}]','https://13.211.10.154/shopPics/1692846141702-42885.png',NULL,NULL,'正常營業','2023-08-24 10:12:52','2023-08-24 10:02:59',0,'暫時沒有'),(39,'user1','user1@test.com','$2b$10$RapP92bLE4ceXbckyFgdNuMfjGOVUPlE3jseyxtTK9EdOsoY3sTum','native','CozyCorner','休閒','舒適的休閒咖啡廳，適合朋友聚會和放鬆閒逛。','{\"Fri\": \"10:00\", \"Mon\": \"10:00\", \"Sat\": \"11:00\", \"Sun\": \"11:00\", \"Thu\": \"10:00\", \"Tue\": \"10:00\", \"Wed\": \"10:00\"}','{\"Fri\": \"18:00\", \"Mon\": \"18:00\", \"Sat\": \"17:00\", \"Sun\": \"17:00\", \"Thu\": \"18:00\", \"Tue\": \"18:00\", \"Wed\": \"18:00\"}','台北市信義區松高路123號','02-12345678','https://www.facebook.com/coffeetimecafe','https://www.instagram.com/cozycorner_cafe','line.me/coffeecorner',1,100,1,0,0,1,1,'[{\"icon\": \"wifi\", \"type\": \"wifi\", \"content\": true}, {\"icon\": \"parking\", \"type\": \"parking\", \"content\": false}, {\"icon\": \"smoking\", \"type\": \"smoking_area\", \"content\": false}, {\"icon\": \"music\", \"type\": \"music\", \"content\": true}, {\"icon\": \"outdoor_seating\", \"type\": \"outdoor_seating\", \"content\": true}, {\"icon\": \"customize\", \"type\": \"customize\", \"content\": \"訂製蛋糕提供\"}, {\"icon\": \"customize\", \"type\": \"customize\", \"content\": \"主題派對服務\"}]','[{\"type\": \"time_limit\", \"content\": \"每位顧客限時 2 小時\", \"heading\": true}, {\"type\": \"min_order\", \"content\": \"最低消費 $100\", \"heading\": 100}, {\"type\": \"customize\", \"content\": \"提供閱讀區域\", \"heading\": \"書本歡迎\"}, {\"type\": \"customize\", \"content\": \"下午提供特製茶點\", \"heading\": \"午後茶點\"}]','https://13.211.10.154/shopPics/1692763546269-1079.jpg','https://13.211.10.154/shopPics/1692780798888-43476.jpg','https://13.211.10.154/shopPics/1692780067087-29670.jpg','正常營業','2023-08-23 03:07:04','2023-08-23 17:13:51',1,'捷運市政府站'),(40,'user2','user2@test.com','$2b$10$4OO7IVWH8SThpJsQZ/dPKeqUal1uCRGhDfWk/I8r2R0H3skjSdr.G','native','SunnyMeeting','聚會','明亮的聚會空間，適合朋友和家人共度時光。','{\"Fri\": \"09:30\", \"Mon\": \"店休\", \"Sat\": \"10:00\", \"Sun\": \"10:00\", \"Thu\": \"09:30\", \"Tue\": \"09:30\", \"Wed\": \"09:30\"}','{\"Fri\": \"19:00\", \"Mon\": \"店休\", \"Sat\": \"21:00\", \"Sun\": \"21:00\", \"Thu\": \"19:00\", \"Tue\": \"19:00\", \"Wed\": \"19:00\"}','台北市大安區新生南路三段123號','02-55555555','https://www.facebook.com/sipandsavorcoffee','https://www.instagram.com/sunnymeeting_cafe','line.me/craftycoffee',1,200,1,0,1,0,1,'[{\"icon\": \"wifi\", \"type\": \"wifi\", \"content\": true}, {\"icon\": \"parking\", \"type\": \"parking\", \"content\": false}, {\"icon\": \"music\", \"type\": \"music\", \"content\": true}, {\"icon\": \"projector\", \"type\": \"projector\", \"content\": true}, {\"icon\": \"customize\", \"type\": \"customize\", \"content\": \"特製活動套餐提供\"}, {\"icon\": \"customize\", \"type\": \"customize\", \"content\": \"攝影器材租借\"}]','[{\"type\": \"time_limit\", \"content\": \"每位顧客限時 4 小時\", \"heading\": true}, {\"type\": \"min_order\", \"content\": \"最低消費 $200\", \"heading\": 200}, {\"type\": \"customize\", \"content\": \"提供包場服務\", \"heading\": \"活動包場\"}, {\"type\": \"customize\", \"content\": \"定期舉辦DIY工作坊\", \"heading\": \"DIY工作坊\"}]','https://13.211.10.154/shopPics/1692779984808-10676.jpg','https://13.211.10.154/shopPics/1692781038314-66274.jpg','https://13.211.10.154/shopPics/1692779984808-10676.jpg','正常營業','2023-08-23 02:08:04','2023-08-23 17:14:10',1,'捷運大安森林公園站'),(41,'user3','user3@test.com','$2b$10$rOUzDwgrZz0KcgjqZj7N6e/BKYlz/bdMHASxIG8U24oOZy4cHJqAq','native','WorkHub','工作','專為專業人士打造的共享工作空間。','{\"Fri\": \"08:00\", \"Mon\": \"08:00\", \"Sat\": \"09:00\", \"Sun\": \"09:00\", \"Thu\": \"08:00\", \"Tue\": \"08:00\", \"Wed\": \"08:00\"}','{\"Fri\": \"19:00\", \"Mon\": \"19:00\", \"Sat\": \"18:00\", \"Sun\": \"18:00\", \"Thu\": \"19:00\", \"Tue\": \"19:00\", \"Wed\": \"19:00\"}','台北市大安區忠孝東路四段123號','02-88888888','https://www.facebook.com/roasteryexpress','https://www.instagram.com/workhub_official','line.me/urbanbrews',1,180,1,1,1,0,1,'[{\"icon\": \"wifi\", \"type\": \"wifi\", \"content\": true}, {\"icon\": \"printer\", \"type\": \"printer\", \"content\": true}, {\"icon\": \"coffee\", \"type\": \"coffee\", \"content\": true}, {\"icon\": \"meeting_room\", \"type\": \"meeting_room\", \"content\": true}, {\"icon\": \"customize\", \"type\": \"customize\", \"content\": \"專業講座舉辦\"}, {\"icon\": \"customize\", \"type\": \"customize\", \"content\": \"短期租辦公桌\"}]','[{\"type\": \"time_limit\", \"content\": \"工作模式無限制\", \"heading\": true}, {\"type\": \"min_order\", \"content\": \"無最低消費\", \"heading\": 0}, {\"type\": \"customize\", \"content\": \"提供專業辦公設施\", \"heading\": \"專業環境\"}, {\"type\": \"customize\", \"content\": \"高速穩定的網路連接\", \"heading\": \"網路穩定\"}]','https://13.211.10.154/shopPics/1692780067087-29670.jpg','https://13.211.10.154/shopPics/1692781038314-66274.jpg','https://13.211.10.154/shopPics/1692780067087-29670.jpg','正常營業','2023-08-19 23:52:16','2023-08-23 17:15:19',1,'捷運忠孝敦化站'),(42,'user4','user4@test.com','$2b$10$uooZTKAaZN1QRyfaFVU6IuRpQebewZMFckXyp82LulrdY14RBhYBO','native','RusticRetreat','休閒','寧靜的休閒咖啡廳，適合閱讀和寫作。','{\"Fri\": \"10:00\", \"Mon\": \"10:00\", \"Sat\": \"11:00\", \"Sun\": \"11:00\", \"Thu\": \"10:00\", \"Tue\": \"10:00\", \"Wed\": \"10:00\"}','{\"Fri\": \"18:00\", \"Mon\": \"18:00\", \"Sat\": \"17:00\", \"Sun\": \"17:00\", \"Thu\": \"18:00\", \"Tue\": \"18:00\", \"Wed\": \"18:00\"}','台北市大安區復興南路123號','02-12345678','https://www.facebook.com/coffeetimecafe','https://www.instagram.com/rusticretreat_cafe','line.me/brewedblissline',1,100,1,0,1,0,1,'[{\"icon\": \"wifi\", \"type\": \"wifi\", \"content\": true}, {\"icon\": \"parking\", \"type\": \"parking\", \"content\": false}, {\"icon\": \"music\", \"type\": \"music\", \"content\": true}, {\"icon\": \"outdoor_seating\", \"type\": \"outdoor_seating\", \"content\": true}, {\"icon\": \"customize\", \"type\": \"customize\", \"content\": \"特製活動套餐提供\"}, {\"icon\": \"customize\", \"type\": \"customize\", \"content\": \"攝影器材租借\"}]','[{\"type\": \"time_limit\", \"content\": \"每位顧客限時 2 小時\", \"heading\": true}, {\"type\": \"min_order\", \"content\": \"最低消費 $100\", \"heading\": 100}, {\"type\": \"customize\", \"content\": \"提供閱讀區域\", \"heading\": \"書本歡迎\"}, {\"type\": \"customize\", \"content\": \"下午提供特製茶點\", \"heading\": \"午後茶點\"}]','https://13.211.10.154/shopPics/1692780405827-68313.jpg','https://13.211.10.154/shopPics/1692763546269-1079.jpg','https://13.211.10.154/shopPics/1692780798888-43476.jpg','正常營業','2023-08-18 10:22:43','2023-08-23 17:16:27',1,'捷運六張犁站'),(43,'user5','user5@test.com','$2b$10$QGZY229E0kE2oSRTllGR0u27laEWD3qfkg.4lTlwBcDHwiRe6fxL.','native','PetHaven','寵物','專為寵物和主人設計的寵物咖啡廳。','{\"Fri\": \"11:00\", \"Mon\": \"11:00\", \"Sat\": \"12:00\", \"Sun\": \"12:00\", \"Thu\": \"11:00\", \"Tue\": \"11:00\", \"Wed\": \"11:00\"}','{\"Fri\": \"20:00\", \"Mon\": \"20:00\", \"Sat\": \"18:00\", \"Sun\": \"18:00\", \"Thu\": \"20:00\", \"Tue\": \"20:00\", \"Wed\": \"20:00\"}','台北市中正區和平西路123號','02-98765432','https://www.facebook.com/roasteryexpress','https://www.instagram.com/pethaven_cafe','line.me/urbanbrews',1,150,1,1,1,0,0,'[{\"icon\": \"wifi\", \"type\": \"wifi\", \"content\": true}, {\"icon\": \"cat\", \"type\": \"cat\", \"content\": true}, {\"icon\": \"dog\", \"type\": \"dog\", \"content\": true}, {\"icon\": \"customize\", \"type\": \"customize\", \"content\": \"寵物用品販售\"}, {\"icon\": \"customize\", \"type\": \"customize\", \"content\": \"寵物美容服務\"}]','[{\"type\": \"time_limit\", \"content\": \"每位顧客限時 3 小時\", \"heading\": true}, {\"type\": \"min_order\", \"content\": \"最低消費 $150\", \"heading\": 150}, {\"type\": \"customize\", \"content\": \"提供專屬寵物區域\", \"heading\": \"寵物安全\"}, {\"type\": \"customize\", \"content\": \"定期舉辦主人寵物聚會\", \"heading\": \"主人聚會\"}]','https://13.211.10.154/shopPics/1692780494616-11848.jpg','https://13.211.10.154/shopPics/1692780732300-71069.jpg','https://13.211.10.154/shopPics/1692780798888-43476.jpg','正常營業','2023-08-18 17:43:43','2023-08-23 17:07:17',1,'捷運北門站'),(44,'user6','user6@test.com','$2b$10$4CDa9l3Wj9.CJktQTFi7Ie6yJDu0XwgP9g3BrfkAZS4TZzonHM0V6','native','CoffeeHub','工作','專業的共享工作空間，適合自由業者和網紅。','{\"Fri\": \"08:30\", \"Mon\": \"08:30\", \"Sat\": \"09:00\", \"Sun\": \"09:00\", \"Thu\": \"08:30\", \"Tue\": \"08:30\", \"Wed\": \"08:30\"}','{\"Fri\": \"19:30\", \"Mon\": \"19:30\", \"Sat\": \"18:00\", \"Sun\": \"18:00\", \"Thu\": \"19:30\", \"Tue\": \"19:30\", \"Wed\": \"19:30\"}','台北市中山區松江路123號','02-88888888','https://www.facebook.com/sipandsavorcoffee','https://www.instagram.com/coffeehub_official','line.me/craftycoffee',1,250,1,1,1,0,1,'[{\"icon\": \"wifi\", \"type\": \"wifi\", \"content\": true}, {\"icon\": \"printer\", \"type\": \"printer\", \"content\": true}, {\"icon\": \"coffee\", \"type\": \"coffee\", \"content\": true}, {\"icon\": \"meeting_room\", \"type\": \"meeting_room\", \"content\": true}, {\"icon\": \"customize\", \"type\": \"customize\", \"content\": \"專業講座舉辦\"}, {\"icon\": \"customize\", \"type\": \"customize\", \"content\": \"短期租辦公桌\"}]','[{\"type\": \"time_limit\", \"content\": \"工作模式無限制\", \"heading\": true}, {\"type\": \"min_order\", \"content\": \"無最低消費\", \"heading\": 0}, {\"type\": \"customize\", \"content\": \"提供專業辦公設施\", \"heading\": \"專業環境\"}, {\"type\": \"customize\", \"content\": \"高速穩定的網路連接\", \"heading\": \"網路穩定\"}]','https://13.211.10.154/shopPics/1692780563057-87201.jpg','https://13.211.10.154/shopPics/1692779984808-10676.jpg','https://13.211.10.154/shopPics/1692763546269-1079.jpg','正常營業','2023-08-17 16:38:16','2023-08-23 17:16:55',1,'捷運忠孝新生站'),(45,'user7','user7@test.com','$2b$10$GzJUBweUrIzplLsyeoqsIu8qyQZ4.7twDMkqoAioaSwYPncIRFDa2','native','HappyPaws','寵物','歡樂的寵物咖啡廳，讓您和寵物一同享受時光。','{\"Fri\": \"10:00\", \"Mon\": \"10:00\", \"Sat\": \"11:00\", \"Sun\": \"11:00\", \"Thu\": \"10:00\", \"Tue\": \"10:00\", \"Wed\": \"10:00\"}','{\"Fri\": \"19:00\", \"Mon\": \"19:00\", \"Sat\": \"18:00\", \"Sun\": \"18:00\", \"Thu\": \"19:00\", \"Tue\": \"19:00\", \"Wed\": \"19:00\"}','台北市信義區基隆路一段123號','02-12345678','https://www.facebook.com/roasteryexpress','https://www.instagram.com/happypaws_cafe','line.me/coffeecorner',1,120,1,1,1,0,0,'[{\"icon\": \"wifi\", \"type\": \"wifi\", \"content\": true}, {\"icon\": \"cat\", \"type\": \"cat\", \"content\": true}, {\"icon\": \"dog\", \"type\": \"dog\", \"content\": true}, {\"icon\": \"customize\", \"type\": \"customize\", \"content\": \"寵物用品販售\"}, {\"icon\": \"customize\", \"type\": \"customize\", \"content\": \"寵物美容服務\"}]','[{\"type\": \"time_limit\", \"content\": \"每位顧客限時 3 小時\", \"heading\": true}, {\"type\": \"min_order\", \"content\": \"最低消費 $120\", \"heading\": 120}, {\"type\": \"customize\", \"content\": \"歡迎各種大小的寵物\", \"heading\": \"寵物歡迎\"}, {\"type\": \"customize\", \"content\": \"定期舉辦主人寵物聚會\", \"heading\": \"主人聚會\"}]','https://13.211.10.154/shopPics/1692780732300-71069.jpg','https://13.211.10.154/shopPics/1692763546269-1079.jpg','https://13.211.10.154/shopPics/1692781038314-66274.jpg','正常營業','2023-08-22 09:43:43','2023-08-23 17:10:20',1,'捷運忠孝復興站'),(46,'user8','user8@test.com','$2b$10$oKI/wrUxk9LrZEXTEbKV.eTDLeZU4tmS7dfJ/UF8ChEiVecWZpcDG','native','SereneCorner','休息','寧靜的休息咖啡廳，適合放鬆和思考。','{\"Fri\": \"10:00\", \"Mon\": \"10:00\", \"Sat\": \"11:00\", \"Sun\": \"11:00\", \"Thu\": \"10:00\", \"Tue\": \"10:00\", \"Wed\": \"10:00\"}','{\"Fri\": \"19:00\", \"Mon\": \"19:00\", \"Sat\": \"18:00\", \"Sun\": \"18:00\", \"Thu\": \"19:00\", \"Tue\": \"19:00\", \"Wed\": \"19:00\"}','台北市中正區忠孝西路一段123號','02-12345678','https://www.facebook.com/coffeetimecafe','https://www.instagram.com/serenecorner_cafe','line.me/espressolane',1,150,1,0,1,0,1,'[{\"icon\": \"wifi\", \"type\": \"wifi\", \"content\": true}, {\"icon\": \"parking\", \"type\": \"parking\", \"content\": false}, {\"icon\": \"music\", \"type\": \"music\", \"content\": true}, {\"icon\": \"outdoor_seating\", \"type\": \"outdoor_seating\", \"content\": true}, {\"icon\": \"customize\", \"type\": \"customize\", \"content\": \"茶葉品嚐活動舉辦\"}, {\"icon\": \"customize\", \"type\": \"customize\", \"content\": \"瑜伽課程舉辦\"}]','[{\"type\": \"time_limit\", \"content\": \"無時間限制\", \"heading\": true}, {\"type\": \"min_order\", \"content\": \"無最低消費\", \"heading\": 0}, {\"type\": \"customize\", \"content\": \"提供安靜的休息區\", \"heading\": \"靜心區域\"}, {\"type\": \"customize\", \"content\": \"播放柔和的音樂\", \"heading\": \"放鬆音樂\"}]','https://13.211.10.154/shopPics/1692780798888-43476.jpg','https://13.211.10.154/shopPics/1692779984808-10676.jpg','https://13.211.10.154/shopPics/1692780732300-71069.jpg','正常營業','2023-08-18 10:22:43','2023-08-23 17:17:25',1,'捷運圓環站'),(47,'user9','user9@test.com','$2b$10$kiXux0.z/.l/56KoPqDCteAVuBi3LmkCCEtaITCD2fSvFSssYFgS2','native','CozyPaws','寵物','舒適的寵物咖啡廳，歡迎所有毛小孩和主人。','{\"Fri\": \"10:00\", \"Mon\": \"10:00\", \"Sat\": \"11:00\", \"Sun\": \"11:00\", \"Thu\": \"10:00\", \"Tue\": \"10:00\", \"Wed\": \"10:00\"}','{\"Fri\": \"19:00\", \"Mon\": \"19:00\", \"Sat\": \"18:00\", \"Sun\": \"18:00\", \"Thu\": \"19:00\", \"Tue\": \"19:00\", \"Wed\": \"19:00\"}','台北市內湖區內湖路一段123號','02-12345678','https://www.facebook.com/cupofjoejava','https://www.instagram.com/cozypaws_cafe','line.me/brewedblissline',1,100,1,1,1,0,0,'[{\"icon\": \"wifi\", \"type\": \"wifi\", \"content\": true}, {\"icon\": \"cat\", \"type\": \"cat\", \"content\": true}, {\"icon\": \"dog\", \"type\": \"dog\", \"content\": true}, {\"icon\": \"customize\", \"type\": \"customize\", \"content\": \"寵物用品販售\"}, {\"icon\": \"customize\", \"type\": \"customize\", \"content\": \"寵物美容服務\"}]','[{\"type\": \"time_limit\", \"content\": \"每位顧客限時 2 小時\", \"heading\": true}, {\"type\": \"min_order\", \"content\": \"最低消費 $100\", \"heading\": 100}, {\"type\": \"customize\", \"content\": \"提供寵物攝影服務\", \"heading\": \"寵物攝影\"}, {\"type\": \"customize\", \"content\": \"定期舉辦主人寵物聚會\", \"heading\": \"主人聚會\"}]','https://13.211.10.154/shopPics/1692780887087-72590.jpg','https://13.211.10.154/shopPics/1692780067087-29670.jpg','https://13.211.10.154/shopPics/1692780798888-43476.jpg','正常營業','2023-08-19 23:52:16','2023-08-23 17:08:14',1,'捷運內湖站'),(48,'user10','user10@test.com','$2b$10$k2lvwEE4vpTLD.wWB.KyJesNA0Dvdpi2lrol9nTBiNHsgLVm2YyEm','native','RelaxationHaven','休閒','安寧的休息咖啡廳，提供寧靜的閱讀環境。','{\"Fri\": \"09:30\", \"Mon\": \"09:30\", \"Sat\": \"10:00\", \"Sun\": \"10:00\", \"Thu\": \"09:30\", \"Tue\": \"店休\", \"Wed\": \"09:30\"}','{\"Fri\": \"18:00\", \"Mon\": \"18:00\", \"Sat\": \"17:00\", \"Sun\": \"17:00\", \"Thu\": \"18:00\", \"Tue\": \"店休\", \"Wed\": \"18:00\"}','台北市大安區基隆路二段123號','02-12345678','https://www.facebook.com/freshgroundscafe','https://www.instagram.com/relaxationhaven_cafe','line.me/coffeecorner',1,200,1,0,1,0,1,'[{\"icon\": \"wifi\", \"type\": \"wifi\", \"content\": true}, {\"icon\": \"parking\", \"type\": \"parking\", \"content\": false}, {\"icon\": \"music\", \"type\": \"music\", \"content\": true}, {\"icon\": \"outdoor_seating\", \"type\": \"outdoor_seating\", \"content\": true}, {\"icon\": \"customize\", \"type\": \"customize\", \"content\": \"茶葉品嚐活動舉辦\"}, {\"icon\": \"customize\", \"type\": \"customize\", \"content\": \"瑜伽課程舉辦\"}]','[{\"type\": \"time_limit\", \"content\": \"無時間限制\", \"heading\": true}, {\"type\": \"min_order\", \"content\": \"無最低消費\", \"heading\": 0}, {\"type\": \"customize\", \"content\": \"提供安靜的休息區\", \"heading\": \"靜心區域\"}, {\"type\": \"customize\", \"content\": \"播放柔和的音樂\", \"heading\": \"放鬆音樂\"}]','https://13.211.10.154/shopPics/1692781038314-66274.jpg','https://13.211.10.154/shopPics/1692780798888-43476.jpg','https://13.211.10.154/shopPics/1692779984808-10676.jpg','正常營業','2023-08-18 10:22:43','2023-08-23 17:19:23',1,'捷運科技大樓站'),(49,'user11','user11@test.com','$2b$10$zQ1kHX2YeiI/ibIbObWwJefFy1L3ds0Y7fxXmuzRkxRDFYUoSbn6W','native','StudyNook','工作','專為學生和自由業者打造的學習工作空間。','{\"Fri\": \"09:00\", \"Mon\": \"09:00\", \"Sat\": \"10:00\", \"Sun\": \"10:00\", \"Thu\": \"09:00\", \"Tue\": \"09:00\", \"Wed\": \"09:00\"}','{\"Fri\": \"19:30\", \"Mon\": \"19:30\", \"Sat\": \"18:00\", \"Sun\": \"18:00\", \"Thu\": \"19:30\", \"Tue\": \"19:30\", \"Wed\": \"19:30\"}','台北市大安區仁愛路四段123號','02-12345678','https://www.facebook.com/sipandsavorcoffee','https://www.instagram.com/studynook_official','line.me/espressolane',1,150,1,1,1,0,1,'[{\"icon\": \"wifi\", \"type\": \"wifi\", \"content\": true}, {\"icon\": \"printer\", \"type\": \"printer\", \"content\": true}, {\"icon\": \"coffee\", \"type\": \"coffee\", \"content\": true}, {\"icon\": \"meeting_room\", \"type\": \"meeting_room\", \"content\": true}, {\"icon\": \"customize\", \"type\": \"customize\", \"content\": \"專業講座舉辦\"}, {\"icon\": \"customize\", \"type\": \"customize\", \"content\": \"短期租辦公桌\"}]','[{\"type\": \"time_limit\", \"content\": \"無時間限制\", \"heading\": true}, {\"type\": \"min_order\", \"content\": \"無最低消費\", \"heading\": 0}, {\"type\": \"customize\", \"content\": \"提供專屬讀書區域\", \"heading\": \"讀書區域\"}, {\"type\": \"customize\", \"content\": \"提供高速穩定的網路連接\", \"heading\": \"高速網路\"}]','https://13.211.10.154/shopPics/1692781088948-73344.jpg','https://13.211.10.154/shopPics/1692780732300-71069.jpg','https://13.211.10.154/shopPics/1692780798888-43476.jpg','正常營業','2023-08-17 16:38:16','2023-08-23 17:19:51',1,'捷運國父紀念館站'),(50,'user12','user12@test.com','$2b$10$yRpxESnC80nzgph6bNLLWumXesR.xgfbkpLeJpkrDuhszWYae.Zca','native','GreenRetreat','休閒','綠意盎然的休閒咖啡廳，為您打造放鬆的環境。','{\"Fri\": \"10:00\", \"Mon\": \"10:00\", \"Sat\": \"11:00\", \"Sun\": \"11:00\", \"Thu\": \"10:00\", \"Tue\": \"10:00\", \"Wed\": \"10:00\"}','{\"Fri\": \"18:30\", \"Mon\": \"18:30\", \"Sat\": \"17:00\", \"Sun\": \"17:00\", \"Thu\": \"18:30\", \"Tue\": \"18:30\", \"Wed\": \"18:30\"}','台北市大安區敦化南路123號','02-12345678','https://www.facebook.com/cupofjoejava','https://www.instagram.com/greenretreat_cafe','line.me/urbanbrews',1,150,1,1,1,0,0,'[{\"icon\": \"wifi\", \"type\": \"wifi\", \"content\": true}, {\"icon\": \"outdoor_seating\", \"type\": \"outdoor_seating\", \"content\": true}, {\"icon\": \"music\", \"type\": \"music\", \"content\": true}, {\"icon\": \"projector\", \"type\": \"projector\", \"content\": false}, {\"icon\": \"customize\", \"type\": \"customize\", \"content\": \"特製主題活動舉辦\"}, {\"icon\": \"customize\", \"type\": \"customize\", \"content\": \"茶葉品嚐活動\"}]','[{\"type\": \"time_limit\", \"content\": \"每位顧客限時 3 小時\", \"heading\": true}, {\"type\": \"min_order\", \"content\": \"最低消費 $150\", \"heading\": 150}, {\"type\": \"customize\", \"content\": \"提供綠意盎然的用餐環境\", \"heading\": \"綠意環境\"}, {\"type\": \"customize\", \"content\": \"提供多款健康飲品\", \"heading\": \"健康飲品\"}]','https://13.211.10.154/shopPics/1692781151769-8620.jpg','https://13.211.10.154/shopPics/1692781038314-66274.jpg','https://13.211.10.154/shopPics/1692780798888-43476.jpg','正常營業','2023-08-21 14:09:43','2023-08-23 17:20:18',1,'捷運忠孝敦化站'),(51,'test','test@test.org','$2b$10$nYuPT96mGTiLtufVZl3dPOoN1ff59d3VSjQK9IRV5V3Ztwpg3CX.e','native','2','workspace','2','[\"00:00\", \"00:00\", \"00:00\", \"00:00\", \"00:00\", \"00:00\", \"00:00\"]','[\"00:00\", \"00:00\", \"00:00\", \"00:00\", \"00:00\", \"00:00\", \"00:00\"]','台北市大安區建國南路二段79巷2J CAFE','2','2','undefined','undefined',1,2,0,1,0,1,1,'[{\"id\": 1, \"icon\": \"plug\", \"type\": \"plug\", \"content\": false}, {\"id\": 2, \"icon\": \"wifi\", \"type\": \"wifi\", \"content\": true}, {\"id\": 3, \"icon\": \"smoke\", \"type\": \"smoke\", \"content\": false}, {\"id\": 4, \"icon\": \"cat\", \"type\": \"cat\", \"content\": true}, {\"id\": 5, \"icon\": \"dog\", \"type\": \"dog\", \"content\": true}, {\"id\": 6, \"icon\": \"customize\", \"type\": \"customize\"}, {\"id\": 7, \"icon\": \"customize\", \"type\": \"customize\"}, {\"id\": 8, \"icon\": \"customize\", \"type\": \"customize\"}]','[{\"id\": 1, \"type\": \"time_limit\", \"content\": \"本店限時 2 小時，2\", \"heading\": true}, {\"id\": 2, \"type\": \"min_order\", \"content\": \"2\", \"heading\": \"2\"}, {\"id\": 3, \"type\": \"customize\"}, {\"id\": 4, \"type\": \"customize\"}, {\"id\": 5, \"type\": \"customize\"}]','https://13.211.10.154/shopPics/1692776905498-65148.png','https://13.211.10.154/shopPics/1692779984808-10676.jpg','https://13.211.10.154/shopPics/1692780732300-71069.jpg','正常營業','2023-08-23 16:09:39','2023-08-23 15:49:11',0,'暫時沒有'),(52,'penny','penny@test.org','$2b$10$kmRSAAMinv8ANFvcdcFmfOqdfUwxktE9HptXw8FdlVUws0E1BYd56','native',NULL,NULL,NULL,NULL,NULL,NULL,NULL,NULL,NULL,NULL,NULL,NULL,NULL,NULL,NULL,NULL,NULL,NULL,NULL,NULL,NULL,NULL,NULL,NULL,NULL,0,NULL),(53,'greencafe','greencafe@test.com','$2b$10$cyfY5JEpXOKQmLbqm8q41uiNSndzsTSgF4/masLPH2z3NA/kpIXoq','native','綠蔭咖啡','休閒','這是一家位於公園旁的休閒咖啡廳，提供寧靜的用餐環境。','{\"Fri\": \"15:00\", \"Mon\": \"13:00\", \"Sat\": \"15:30\", \"Sun\": \"16:00\", \"Tue\": \"13:30\", \"Wed\": \"店休\", \"Thurs\": \"14:30\"}','{\"Fri\": \"16:30\", \"Mon\": \"21:00\", \"Sat\": \"16:30\", \"Sun\": \"16:30\", \"Tue\": \"19:30\", \"Wed\": \"店休\", \"Thurs\": \"19:30\"}','台中市南區中興街789號','04-12345678','https://www.facebook.com/greencafe','https://www.instagram.com/greencafe',NULL,0,0,1,1,0,0,0,'[{\"icon\": \"plug\", \"type\": \"plug\", \"content\": true}, {\"icon\": \"wifi\", \"type\": \"wifi\", \"content\": true}, {\"icon\": \"smoking\", \"type\": \"smoking_area\", \"content\": false}, {\"icon\": \"cat\", \"type\": \"cat\", \"content\": false}, {\"icon\": \"dog\", \"type\": \"dog\", \"content\": false}, {\"icon\": \"customize\", \"type\": \"customize\", \"content\": \"美式早餐\"}, {\"icon\": \"customize\", \"type\": \"customize\", \"content\": \"手工糕點\"}]','[{\"type\": \"time_limit\", \"content\": \"歡迎長時間用餐\", \"heading\": false}, {\"type\": \"min_order\", \"content\": \"無最低消費\", \"heading\": 0}, {\"type\": \"customize\", \"content\": \"提供免費自助咖啡\", \"heading\": \"自助咖啡\"}, {\"type\": \"customize\", \"content\": \"提供穩定無線網路\", \"heading\": \"無線網路\"}, {\"type\": \"customize\", \"content\": \"座位多位於室外庭園\", \"heading\": \"開放庭園\"}]','https://13.211.10.154/shopPics/1692785953972-65866.jpg','https://13.211.10.154/shopPics/1692785953986-91369.jpg','https://13.211.10.154/shopPics/1692785953997-50213.jpg',NULL,NULL,NULL,0,NULL);
/*!40000 ALTER TABLE `shops` ENABLE KEYS */;
UNLOCK TABLES;

--
-- Table structure for table `wishlist_items`
--

DROP TABLE IF EXISTS `wishlist_items`;
/*!40101 SET @saved_cs_client     = @@character_set_client */;
/*!50503 SET character_set_client = utf8mb4 */;
CREATE TABLE `wishlist_items` (
  `id` int NOT NULL AUTO_INCREMENT,
  `wishlist_id` int DEFAULT NULL,
  `cafe_id` int DEFAULT NULL,
  PRIMARY KEY (`id`),
  KEY `wishlist_id` (`wishlist_id`),
  KEY `cafe_id` (`cafe_id`),
  CONSTRAINT `wishlist_items_ibfk_1` FOREIGN KEY (`wishlist_id`) REFERENCES `wishlists` (`id`) ON DELETE CASCADE,
  CONSTRAINT `wishlist_items_ibfk_2` FOREIGN KEY (`cafe_id`) REFERENCES `shops` (`id`) ON DELETE CASCADE
) ENGINE=InnoDB AUTO_INCREMENT=52 DEFAULT CHARSET=utf8mb4 COLLATE=utf8mb4_0900_ai_ci;
/*!40101 SET character_set_client = @saved_cs_client */;

--
-- Dumping data for table `wishlist_items`
--

LOCK TABLES `wishlist_items` WRITE;
/*!40000 ALTER TABLE `wishlist_items` DISABLE KEYS */;
INSERT INTO `wishlist_items` VALUES (35,29,16),(41,29,8),(43,29,49),(45,29,14),(46,29,50),(47,29,45),(48,29,10),(49,29,5),(50,29,43),(51,29,7);
/*!40000 ALTER TABLE `wishlist_items` ENABLE KEYS */;
UNLOCK TABLES;

--
-- Table structure for table `wishlists`
--

DROP TABLE IF EXISTS `wishlists`;
/*!40101 SET @saved_cs_client     = @@character_set_client */;
/*!50503 SET character_set_client = utf8mb4 */;
CREATE TABLE `wishlists` (
  `id` int NOT NULL AUTO_INCREMENT,
  `customer_id` int DEFAULT NULL,
  `name` varchar(255) DEFAULT NULL,
  PRIMARY KEY (`id`),
  KEY `customer_id` (`customer_id`),
  CONSTRAINT `wishlists_ibfk_1` FOREIGN KEY (`customer_id`) REFERENCES `customers` (`id`) ON DELETE CASCADE
) ENGINE=InnoDB AUTO_INCREMENT=55 DEFAULT CHARSET=utf8mb4 COLLATE=utf8mb4_0900_ai_ci;
/*!40101 SET character_set_client = @saved_cs_client */;

--
-- Dumping data for table `wishlists`
--

LOCK TABLES `wishlists` WRITE;
/*!40000 ALTER TABLE `wishlists` DISABLE KEYS */;
INSERT INTO `wishlists` VALUES (1,8,'My Favorites1'),(2,8,'My Favorites2'),(3,8,'My Favorites3'),(4,9,'9號user的許願清單'),(5,8,'8號許願清單'),(6,8,'8號許願清單'),(7,10,'PT\'s Favorites'),(18,8,'My Favorites'),(22,12,'咖啡廳寶藏'),(23,12,'帥氣到不行'),(24,10,'PT2'),(25,9,'9號的另一個清單'),(26,11,'My Favorites1'),(27,11,'My Favorites2'),(28,12,'可愛貓貓'),(29,15,'可愛貓貓'),(30,15,'店員好帥!!'),(31,15,'店員好帥!!'),(32,15,'咖啡廳地圖'),(33,15,'咖啡廳地圖'),(34,15,'店員好帥!!必去'),(35,15,'柯基咖啡廳'),(36,15,'愛貓');
/*!40000 ALTER TABLE `wishlists` ENABLE KEYS */;
UNLOCK TABLES;

--
-- Dumping routines for database 'cafe_near_u'
--
SET @@SESSION.SQL_LOG_BIN = @MYSQLDUMP_TEMP_LOG_BIN;
/*!40103 SET TIME_ZONE=@OLD_TIME_ZONE */;

/*!40101 SET SQL_MODE=@OLD_SQL_MODE */;
/*!40014 SET FOREIGN_KEY_CHECKS=@OLD_FOREIGN_KEY_CHECKS */;
/*!40014 SET UNIQUE_CHECKS=@OLD_UNIQUE_CHECKS */;
/*!40101 SET CHARACTER_SET_CLIENT=@OLD_CHARACTER_SET_CLIENT */;
/*!40101 SET CHARACTER_SET_RESULTS=@OLD_CHARACTER_SET_RESULTS */;
/*!40101 SET COLLATION_CONNECTION=@OLD_COLLATION_CONNECTION */;
/*!40111 SET SQL_NOTES=@OLD_SQL_NOTES */;

-- Dump completed on 2023-09-01 17:11:38
